id,kategorija
13,Negotiation
822,City Building
822,Medieval
822,Territory Building
30549,Medical
68448,Ancient
68448,Card Game
68448,City Building
68448,Civilization
36218,Card Game
36218,Medieval
9209,Trains
31260,Animals
31260,Economic
31260,Farming
3076,City Building
3076,Economic
3076,Farming
40692,Fantasy
40692,Fighting
40692,Territory Building
178900,Card Game
178900,Deduction
178900,Party Game
178900,Spies\/Secret Agents
178900,Word Game
2651,Economic
2651,Industry \/ Manufacturing
70323,Dice
70323,Fighting
70323,Movies \/ TV \/ Radio theme
70323,Science Fiction
14996,Trains
129622,Card Game
129622,Deduction
129622,Renaissance
148228,Card Game
148228,Economic
148228,Renaissance
167791,Economic
167791,Environmental
167791,Industry \/ Manufacturing
167791,Science Fiction
167791,Space Exploration
167791,Territory Building
173346,Ancient
173346,Card Game
173346,City Building
173346,Civilization
478,Bluffing
478,Card Game
478,City Building
478,Fantasy
478,Medieval
169786,Economic
169786,Fighting
169786,Science Fiction
169786,Territory Building
39856,Card Game
39856,Humor
39856,Party Game
28143,Card Game
28143,Civilization
28143,Economic
28143,Science Fiction
28143,Space Exploration
110327,City Building
110327,Fantasy
34635,Dice
34635,Prehistoric
84876,Dice
84876,Medieval
84876,Territory Building
1927,Card Game
1927,Fantasy
1927,Fighting
1927,Humor
65244,Adventure
65244,Fantasy
163412,Abstract Strategy
163412,Puzzle
12333,Modern Warfare
12333,Political
12333,Wargame
15987,Adventure
15987,Fantasy
15987,Fighting
15987,Horror
15987,Novel-based
11,Card Game
11,Farming
11,Negotiation
230802,Abstract Strategy
230802,Renaissance
150376,Bluffing
150376,Deduction
150376,Horror
150376,Zombies
120677,Civilization
120677,Economic
120677,Fantasy
120677,Territory Building
98778,Card Game
98778,Deduction
98778,Memory
161936,Environmental
161936,Medical
50,Card Game
50,Exploration
41114,Bluffing
41114,Card Game
41114,Deduction
41114,Negotiation
41114,Party Game
41114,Science Fiction
10547,Adventure
10547,Exploration
10547,Horror
10547,Miniatures
131357,Bluffing
131357,Card Game
131357,Deduction
131357,Party Game
131357,Political
37111,Bluffing
37111,Deduction
37111,Movies \/ TV \/ Radio theme
37111,Political
37111,Science Fiction
37111,Space Exploration
147020,Card Game
147020,Fighting
147020,Science Fiction
54043,Animals
54043,Card Game
70919,Animals
70919,Environmental
70919,Farming
70919,Territory Building
174430,Adventure
174430,Exploration
174430,Fantasy
174430,Fighting
174430,Miniatures
463,Card Game
463,Collectible Components
463,Fantasy
463,Fighting
121921,Adventure
121921,Exploration
121921,Fighting
121921,Novel-based
133473,Card Game
40834,Card Game
40834,Medieval
170216,Fantasy
170216,Fighting
170216,Miniatures
170216,Mythology
157354,Animals
157354,Arabian
157354,Fantasy
157354,Mythology
181,Territory Building
181,Wargame
31481,Real-time
31481,Science Fiction
31481,Space Exploration
31481,Transportation
6249,Arabian
6249,City Building
6249,Medieval
2655,Abstract Strategy
2655,Animals
126163,Ancient
126163,Civilization
126163,Economic
126163,Farming
126163,Mythology
181304,Deduction
181304,Horror
181304,Murder\/Mystery
181304,Party Game
103343,Bluffing
103343,Fantasy
103343,Negotiation
103343,Novel-based
103343,Political
103343,Wargame
157969,Bluffing
157969,Card Game
157969,Humor
157969,Medieval
157969,Negotiation
157969,Novel-based
18602,City Building
18602,Economic
18602,Medieval
171,Abstract Strategy
146021,Adventure
146021,Fantasy
146021,Fighting
146021,Horror
146021,Novel-based
146021,Travel
124742,Bluffing
124742,Card Game
124742,Collectible Components
124742,Science Fiction
39463,Bluffing
39463,Negotiation
39463,Science Fiction
39463,Space Exploration
102794,Animals
102794,Economic
102794,Fantasy
102794,Farming
96848,Adventure
96848,Exploration
96848,Fantasy
96848,Fighting
72125,Civilization
72125,Fighting
72125,Science Fiction
72125,Space Exploration
72125,Wargame
1406,Economic
1406,Negotiation
3955,American West
3955,Bluffing
3955,Card Game
3955,Deduction
3955,Fighting
15062,Adventure
15062,Bluffing
15062,Deduction
15062,Fantasy
15062,Medieval
15062,Mythology
35677,City Building
35677,Economic
35677,Industry \/ Manufacturing
35677,Nautical
320,Word Game
128882,Bluffing
128882,Card Game
128882,Deduction
128882,Fantasy
128882,Medieval
128882,Negotiation
42,Ancient
42,Civilization
42,Territory Building
10630,Miniatures
10630,Wargame
10630,World War II
204583,City Building
204583,Fantasy
204583,Medieval
204583,Territory Building
132531,Civilization
132531,Dice
132531,Economic
132531,Science Fiction
132531,Space Exploration
143884,Card Game
143884,City Building
143884,Dice
9220,Bluffing
9220,Card Game
9220,Exploration
9220,Fantasy
9220,Party Game
136063,Adventure
136063,Fantasy
136063,Science Fiction
193738,American West
193738,Animals
124361,Ancient
124361,Economic
124361,Nautical
93,Medieval
93,Renaissance
18,Maze
18,Miniatures
18,Racing
18,Science Fiction
148949,Economic
103885,Aviation \/ Flight
103885,Bluffing
103885,Collectible Components
103885,Miniatures
103885,Movies \/ TV \/ Radio theme
103885,Science Fiction
122522,Card Game
122522,Fantasy
122522,Humor
122522,Pirates
122522,Science Fiction
122522,Zombies
8217,Card Game
8217,City Building
8217,Economic
16992,Abstract Strategy
16992,Fantasy
172,Card Game
172,Economic
2453,Abstract Strategy
2453,Territory Building
146508,Adventure
146508,Mature \/ Adult
146508,Puzzle
146508,Science Fiction
50381,Card Game
50381,Humor
50381,Mature \/ Adult
50381,Party Game
50381,Print & Play
158899,American West
158899,Fighting
158899,Trains
104162,Adventure
104162,Exploration
104162,Fantasy
104162,Fighting
104162,Miniatures
183394,Economic
183394,Farming
100423,Adventure
100423,Card Game
100423,Dice
100423,Fantasy
100423,Fighting
100423,Horror
194655,Abstract Strategy
194655,Ancient
194655,Mythology
201808,Adventure
201808,Fantasy
205637,Adventure
205637,Card Game
205637,Collectible Components
205637,Fantasy
205637,Horror
205637,Novel-based
153938,Animals
153938,Dice
153938,Racing
155426,Post-Napoleonic
155426,Puzzle
123260,City Building
123260,Economic
77423,Adventure
77423,Card Game
77423,Fantasy
77423,Novel-based
100901,Adventure
205059,Adventure
205059,Exploration
205059,Fantasy
205059,Fighting
205059,Horror
205059,Miniatures
154203,Ancient
154203,Card Game
154203,City Building
154203,Civilization
2993,City Building
2993,Expansion for Base-game
2993,Medieval
2993,Territory Building
108745,Card Game
108745,Dice
108745,Fantasy
12942,Card Game
116,Card Game
116,Humor
116,Napoleonic
187645,Fighting
187645,Miniatures
187645,Movies \/ TV \/ Radio theme
187645,Science Fiction
187645,Wargame
104006,Farming
104006,Medieval
147949,Bluffing
147949,Card Game
147949,Deduction
147949,Horror
147949,Party Game
2653,Adventure
2653,Animals
2653,Bluffing
2653,Nautical
8203,Abstract Strategy
8203,Animals
37046,Fantasy
37046,Fighting
37046,Horror
37046,Mythology
12,Ancient
12,Mythology
2223,Card Game
2223,Comic Book \/ Strip
2223,Movies \/ TV \/ Radio theme
2223,Number
129437,Card Game
129437,Comic Book \/ Strip
164153,Adventure
164153,Fighting
164153,Miniatures
164153,Movies \/ TV \/ Radio theme
164153,Science Fiction
164153,Wargame
199561,Dice
199561,Puzzle
12493,Civilization
12493,Negotiation
12493,Political
12493,Science Fiction
12493,Space Exploration
12493,Wargame
27162,City Building
27162,Dice
27162,Fantasy
27162,Medieval
182028,Card Game
182028,Civilization
182028,Economic
164928,Medieval
164928,Religious
164928,Travel
107529,Medieval
107529,Territory Building
5,Economic
25613,Civilization
25613,Economic
123540,Travel
21790,Renaissance
21790,Transportation
143741,American West
143741,Bluffing
143741,Deduction
143741,Dice
143741,Fighting
143741,Party Game
176494,Economic
176494,Territory Building
122515,City Building
122515,Economic
122515,Nautical
122515,Renaissance
122515,Territory Building
122515,Transportation
171623,Dice
171623,Economic
171623,Medieval
171623,Travel
54,Exploration
54,Territory Building
74,Card Game
74,Humor
74,Party Game
432,Card Game
5782,Animals
5782,Card Game
62219,Animals
62219,Environmental
62219,Prehistoric
28720,Economic
28720,Industry \/ Manufacturing
28720,Transportation
166384,Bluffing
166384,Deduction
166384,Humor
166384,Party Game
166384,Spies\/Secret Agents
54998,Ancient
54998,City Building
54998,Civilization
54998,Fighting
54998,Miniatures
54998,Mythology
73439,Dice
73439,Economic
73439,Medieval
266192,Animals
266192,Card Game
266192,Economic
266192,Educational
192291,Card Game
192291,Party Game
161970,Deduction
161970,Fantasy
1294,Bluffing
1294,Deduction
1294,Movies \/ TV \/ Radio theme
1294,Murder\/Mystery
926,Expansion for Base-game
926,Medieval
926,Negotiation
37904,Racing
37904,Sports
172225,Animals
172225,Card Game
172225,Comic Book \/ Strip
172225,Humor
24480,Economic
24480,Medieval
24480,Novel-based
24480,Religious
15512,Adventure
15512,Bluffing
15512,Exploration
124708,Adventure
124708,Exploration
124708,Fantasy
124708,Fighting
124708,Miniatures
62871,Dice
62871,Horror
62871,Humor
62871,Party Game
62871,Zombies
113924,Horror
113924,Miniatures
113924,Zombies
118,Card Game
118,Economic
40849,Environmental
40849,Expansion for Base-game
40849,Medical
40849,Science Fiction
325,Civilization
325,Expansion for Base-game
325,Exploration
325,Nautical
325,Negotiation
9674,Abstract Strategy
258,Card Game
760,Ancient
760,Card Game
760,Deduction
28023,Nautical
28023,Pirates
28023,Racing
28023,Transportation
5405,City Building
5405,Expansion for Base-game
5405,Medieval
5405,Territory Building
113294,Adventure
113294,Dice
113294,Electronic
113294,Exploration
113294,Real-time
162886,Age of Reason
162886,Environmental
162886,Fantasy
162886,Fighting
162886,Mythology
162886,Territory Building
2511,Deduction
2511,Murder\/Mystery
2511,Novel-based
2511,Post-Napoleonic
2511,Spies\/Secret Agents
209685,Card Game
209685,Economic
209685,Medieval
555,City Building
555,Renaissance
92828,Card Game
92828,Humor
92828,Party Game
25669,Abstract Strategy
127023,Ancient
127023,Fighting
127023,Miniatures
127023,Mythology
43570,Adventure
43570,Card Game
43570,Fighting
43570,Novel-based
43570,Pirates
21763,Deduction
21763,Murder\/Mystery
38453,Electronic
38453,Real-time
38453,Science Fiction
38453,Space Exploration
2471,Exploration
2471,Fighting
2471,Horror
2471,Miniatures
2471,Movies \/ TV \/ Radio theme
2471,Zombies
3,Abstract Strategy
3,Medieval
198773,Card Game
198773,Deduction
198773,Party Game
198773,Spies\/Secret Agents
102652,Card Game
102652,Comic Book \/ Strip
102652,Fighting
9217,Age of Reason
9217,Card Game
9217,Economic
77130,City Building
77130,Civilization
77130,Exploration
77130,Negotiation
77130,Video Game Theme
2807,Expansion for Base-game
2807,Negotiation
51811,Card Game
51811,Expansion for Base-game
51811,Medieval
51811,Nautical
34219,Card Game
34219,Medieval
34219,Religious
43111,Fantasy
43111,Fighting
43111,Horror
43111,Mythology
43111,Wargame
823,Adventure
823,Fantasy
823,Novel-based
48726,Dice
48726,Science Fiction
63888,Card Game
63888,Civilization
27588,Animals
102680,Ancient
102680,Political
29368,Fighting
29368,Horror
29368,Miniatures
29368,Zombies
171131,Deduction
171131,Fighting
171131,Nautical
171131,Real-time
43443,Fantasy
43443,Fighting
43443,Medieval
188834,Bluffing
188834,Card Game
188834,Deduction
188834,Humor
188834,Party Game
188834,Political
147151,Deduction
147151,Party Game
438,Deduction
438,Travel
144733,Industry \/ Manufacturing
144733,Trains
177736,Economic
177736,Industry \/ Manufacturing
177736,Medieval
177736,Puzzle
163967,Dice
163967,Science Fiction
163967,Space Exploration
91536,Dice
91536,Fantasy
91536,Fighting
160499,Dice
160499,Fighting
160499,Movies \/ TV \/ Radio theme
160499,Science Fiction
1917,Abstract Strategy
1917,Bluffing
1917,Deduction
1917,Fighting
1917,Memory
1917,Napoleonic
156129,Bluffing
156129,Deduction
156129,Murder\/Mystery
156129,Party Game
127398,Adventure
127398,Fantasy
127398,Fighting
127398,Puzzle
66690,Card Game
66690,Expansion for Base-game
66690,Medieval
12692,Card Game
12692,Horror
12692,Humor
278,Card Game
278,City Building
278,Territory Building
92539,Ancient
92539,Card Game
92539,City Building
92539,Civilization
92539,Expansion for Base-game
215,Card Game
19857,Ancient
19857,Card Game
19857,City Building
19857,Economic
45315,Economic
45315,Fantasy
45315,Fighting
45315,Humor
21241,Fighting
21241,Science Fiction
59959,Bluffing
59959,Deduction
59959,Murder\/Mystery
59959,Post-Napoleonic
20100,Bluffing
20100,Party Game
20100,Trivia
20551,Economic
20551,Medieval
20551,Territory Building
83330,Adventure
83330,Exploration
83330,Fantasy
83330,Fighting
83330,Horror
83330,Miniatures
205896,Bluffing
205896,Fantasy
205896,Miniatures
205896,Mythology
205896,Negotiation
205896,Wargame
503,Abstract Strategy
503,Animals
503,Arabian
237182,Animals
237182,Fantasy
237182,Wargame
131835,Card Game
131835,Fantasy
131835,Video Game Theme
218603,Abstract Strategy
218603,Environmental
209010,Fantasy
209010,Fighting
209010,Miniatures
209010,Video Game Theme
180263,Adventure
180263,Card Game
180263,Exploration
180263,Science Fiction
27627,Adventure
27627,Exploration
27627,Fantasy
27627,Fighting
209778,Exploration
209778,Fantasy
209778,Maze
209778,Real-time
25292,Adventure
25292,Fighting
25292,Nautical
25292,Pirates
25292,Transportation
244992,Card Game
244992,Number
25554,Economic
25554,Renaissance
155703,Animals
155703,Card Game
155703,Educational
155703,Environmental
155703,Fighting
155703,Prehistoric
71721,Card Game
71721,Fighting
71721,Science Fiction
45,Bluffing
45,Dice
45,Movies \/ TV \/ Radio theme
45,Party Game
133038,Adventure
133038,Card Game
133038,Fantasy
133038,Fighting
160477,Abstract Strategy
160477,Ancient
140620,American West
140620,Racing
97207,Animals
97207,Fantasy
97207,Humor
483,Bluffing
483,Negotiation
483,Political
483,Post-Napoleonic
483,Wargame
125618,Card Game
125618,Pirates
119890,Animals
119890,Farming
220308,Civilization
220308,Economic
220308,Science Fiction
220308,Space Exploration
220308,Territory Building
41,Dice
37380,Ancient
37380,City Building
37380,Civilization
37380,Dice
17226,Adventure
17226,Exploration
17226,Fantasy
17226,Fighting
17226,Miniatures
155362,Bluffing
155362,Fighting
155362,Humor
155362,Mafia
155362,Negotiation
155362,Party Game
66188,Renaissance
811,Abstract Strategy
811,Card Game
811,Number
92415,Bluffing
92415,Card Game
34119,Adventure
34119,Arabian
34119,Book
34119,Exploration
34119,Fantasy
34119,Travel
69789,Card Game
69789,Fantasy
172818,Adventure
172818,City Building
172818,Economic
172818,Exploration
172818,Fantasy
172818,Farming
175914,Economic
175914,Industry \/ Manufacturing
115746,Adventure
115746,Fantasy
115746,Fighting
115746,Miniatures
115746,Novel-based
115746,Territory Building
9216,Economic
9216,Farming
9216,Nautical
9216,Renaissance
170042,Medieval
170042,Nautical
17133,Trains
17133,Transportation
17133,Video Game Theme
46213,Humor
46213,Party Game
46213,Real-time
43015,Medieval
171668,Card Game
171668,World War I
161417,Card Game
161417,Number
216132,Economic
216132,Farming
176189,Adventure
176189,Fantasy
176189,Fighting
176189,Horror
176189,Medieval
176189,Miniatures
4390,Prehistoric
156009,Card Game
156009,Nautical
156009,Pirates
126042,Card Game
126042,Civilization
126042,Economic
194594,Ancient
194594,Dice
194594,Fantasy
194594,Mythology
31627,Trains
134342,City Building
134342,Expansion for Base-game
134342,Fantasy
2243,Children's Game
2243,Comic Book \/ Strip
2243,Dice
2243,Movies \/ TV \/ Radio theme
2243,Music
2243,Sports
8098,Action \/ Dexterity
8098,Card Game
8098,Party Game
8098,Real-time
63268,Card Game
63268,Children's Game
63268,Educational
63268,Party Game
63268,Real-time
63268,Sports
521,Action \/ Dexterity
172287,Adventure
172287,Dice
172287,Fantasy
172287,Fighting
172287,Medieval
172287,Mythology
150312,Bluffing
150312,Card Game
150312,Fantasy
150312,Fighting
31594,Economic
31594,Medieval
699,Adventure
699,Exploration
699,Fantasy
699,Fighting
699,Miniatures
118048,Arabian
118048,Card Game
2452,Action \/ Dexterity
2452,Party Game
93260,Card Game
93260,Fantasy
93260,Fighting
6472,Bluffing
6472,Fantasy
6472,Negotiation
6472,Novel-based
6472,Political
6472,Wargame
180974,Fantasy
180974,Puzzle
1198,Card Game
1198,Puzzle
1198,Real-time
98,Economic
98,Wargame
98,World War II
42215,Adventure
42215,Deduction
42215,Exploration
53953,Card Game
53953,Fantasy
53953,Fighting
146652,Card Game
146652,Fighting
146652,Horror
146652,Movies \/ TV \/ Radio theme
146652,Science Fiction
90137,Card Game
90137,Fantasy
90137,Fighting
90137,Sports
155821,Card Game
155821,Miniatures
155821,Mythology
127067,Dice
127067,Expansion for Base-game
127067,Movies \/ TV \/ Radio theme
127067,Science Fiction
22545,Civilization
22545,Exploration
22545,Renaissance
22545,Video Game Theme
9609,Adventure
9609,Fantasy
9609,Miniatures
9609,Novel-based
9609,Territory Building
9609,Wargame
138161,Movies \/ TV \/ Radio theme
138161,Science Fiction
138161,Space Exploration
138161,Travel
19237,Bluffing
19237,Card Game
19237,Fighting
19237,Humor
19237,Mafia
19237,Negotiation
24439,Expansion for Base-game
24439,Trains
182874,Economic
2591,City Building
2591,Expansion for Base-game
2591,Medieval
2591,Territory Building
176396,City Building
176396,Environmental
191862,Ancient
172386,Economic
1111,Party Game
1111,Real-time
1111,Word Game
224037,Card Game
224037,Deduction
224037,Spies\/Secret Agents
224037,Word Game
2921,Children's Game
2921,Economic
136888,Card Game
136888,City Building
136888,Economic
136888,Renaissance
198994,Card Game
198994,Fantasy
198994,Fighting
233867,City Building
181279,Adventure
181279,Deduction
181279,Fighting
181279,Horror
181279,Novel-based
34499,Card Game
34499,Civilization
34499,Economic
34499,Expansion for Base-game
34499,Science Fiction
34499,Space Exploration
27833,Economic
27833,Trains
27833,Transportation
197376,City Building
197376,Economic
197376,Medieval
1219,Children's Game
1219,Maze
1219,Puzzle
140934,Bluffing
140934,Card Game
70149,City Building
70149,Economic
70149,Industry \/ Manufacturing
70149,Medieval
70149,Religious
70149,Territory Building
25417,Fantasy
25417,Medieval
25417,Miniatures
25417,Wargame
97786,Fantasy
97786,Fighting
97786,Territory Building
150,Action \/ Dexterity
150,Children's Game
150,Party Game
150,Racing
150,Sports
111661,Ancient
111661,Card Game
111661,City Building
111661,Civilization
111661,Expansion for Base-game
25821,Bluffing
25821,Deduction
25821,Horror
25821,Murder\/Mystery
25821,Party Game
68425,Card Game
68425,Civilization
68425,Science Fiction
68425,Space Exploration
128621,Economic
128621,Farming
33160,Exploration
33160,Nautical
33160,Renaissance
20963,Adventure
20963,Deduction
20963,Fighting
20963,Horror
20963,Novel-based
236457,City Building
236457,Medieval
30869,Ancient
30869,Exploration
30869,Travel
39683,Economic
39683,Farming
169426,Dice
169426,Fantasy
244521,Medieval
233078,Civilization
233078,Economic
233078,Negotiation
233078,Political
233078,Science Fiction
233078,Space Exploration
63628,Aviation \/ Flight
63628,Economic
63628,Fighting
63628,Industry \/ Manufacturing
63628,Negotiation
63628,World War II
91312,City Building
91312,Fantasy
91312,Novel-based
21348,Trains
21348,Transportation
1115,Bluffing
1115,Card Game
127060,Dice
168435,City Building
168435,Negotiation
185343,Economic
185343,Science Fiction
221107,Environmental
221107,Exploration
221107,Medical
97842,Card Game
97842,Economic
97842,Humor
199478,Racing
199478,Sports
139030,Bluffing
139030,Medieval
139030,Party Game
150658,Dice
150658,Environmental
150658,Medical
160851,Hand Management
160851,Pattern Building
160851,Set Collection
160851,Tile Placement
133848,Science Fiction
15363,Exploration
15363,Fighting
15363,Science Fiction
15363,Wargame
66362,City Building
66362,Economic
66362,Farming
5404,Ancient
5404,Economic
224517,Economic
224517,Industry \/ Manufacturing
224517,Transportation
143693,City Building
143693,Economic
143693,Medieval
155068,Adventure
155068,Fantasy
155068,Fighting
155068,Miniatures
88,Abstract Strategy
88,Medieval
155987,Card Game
155987,Fantasy
155987,Mythology
155987,Science Fiction
13823,Card Game
13823,Fantasy
15818,Animals
15818,Dice
219513,Animals
219513,Puzzle
27708,Political
27746,Ancient
27746,Negotiation
244522,Dice
15158,City Building
15158,Expansion for Base-game
15158,Fantasy
15158,Medieval
15158,Territory Building
73761,Exploration
73761,Sports
117959,Dice
24181,Economic
24181,Nautical
24181,Political
59946,Adventure
59946,Exploration
59946,Fantasy
59946,Fighting
59946,Horror
59946,Miniatures
891,Party Game
891,Puzzle
891,Trivia
891,Word Game
199042,Card Game
199042,Fantasy
199042,Movies \/ TV \/ Radio theme
199042,Novel-based
112,Bluffing
112,Card Game
112,Medieval
112,Negotiation
327,Action \/ Dexterity
327,Animals
327,Aviation \/ Flight
327,Children's Game
327,Electronic
327,Movies \/ TV \/ Radio theme
12002,Card Game
12002,Economic
141572,Card Game
141572,Print & Play
141572,Word Game
2987,Adventure
2987,Fighting
2987,Nautical
2987,Pirates
169654,Dice
169654,Exploration
169654,Nautical
169654,Party Game
221194,Economic
221194,Science Fiction
140,Card Game
140,Economic
140,Party Game
140,Real-time
176920,Science Fiction
66098,Card Game
66098,Expansion for Base-game
66098,Medieval
163968,Ancient
163968,Card Game
163968,Mythology
27173,Economic
27173,Medieval
27173,Nautical
27173,Territory Building
30380,Economic
30380,Farming
125153,Economic
14105,Ancient
14105,Wargame
10,Fantasy
10,Travel
4098,Economic
4098,Trains
4098,Transportation
394,Abstract Strategy
21523,Adventure
21523,Exploration
21523,Fantasy
21523,Fighting
24068,Adventure
24068,Bluffing
24068,Card Game
24068,Deduction
24068,Horror
24068,Party Game
11170,Adventure
11170,Fantasy
11170,Fighting
11170,Miniatures
11170,Science Fiction
22345,Dice
22345,Economic
1234,Card Game
1234,Humor
1234,Party Game
1234,Real-time
173,Racing
173,Sports
131260,Dice
66589,Economic
66589,Exploration
66589,Nautical
66589,Renaissance
206718,Fantasy
13308,Nautical
2381,Party Game
2381,Real-time
2381,Word Game
36946,Fantasy
36946,Humor
36946,Nautical
51,Abstract Strategy
51,Maze
51,Puzzle
51,Real-time
2425,Children's Game
2425,Deduction
2425,Nautical
2425,Wargame
40398,Card Game
40398,Economic
915,Deduction
915,Medieval
915,Murder\/Mystery
915,Religious
2842,Trains
59294,Adventure
59294,Fantasy
59294,Fighting
59294,Wargame
47,City Building
47,Economic
47,Negotiation
2398,Card Game
30933,American West
30933,Bluffing
30933,Card Game
30933,Deduction
30933,Fighting
30933,Humor
21882,City Building
21882,Fantasy
183840,Card Game
183840,Economic
183840,Medieval
229853,Ancient
826,Pirates
826,Racing
27225,Real-time
27225,Word Game
1465,Card Game
24508,City Building
24508,Territory Building
121408,Card Game
121408,Territory Building
121408,Trains
183251,Puzzle
183251,Racing
239188,Adventure
239188,Deduction
239188,Murder\/Mystery
158600,Card Game
158600,Medieval
158600,Video Game Theme
194607,Card Game
194607,Fantasy
163602,Real-time
163602,Science Fiction
163602,Video Game Theme
7717,City Building
7717,Medieval
220,Card Game
146886,Economic
146886,Farming
7805,Horror
7805,Racing
137297,Ancient
137297,Card Game
2952,Party Game
2952,Trivia
138788,Dice
138788,Fantasy
138788,Fighting
79828,Age of Reason
79828,American Indian Wars
79828,Card Game
79828,Territory Building
79828,Wargame
31730,Economic
31730,Post-Napoleonic
31730,Trains
31730,Transportation
101721,Card Game
101721,Fantasy
101721,Fighting
257501,Card Game
257501,Fantasy
257501,Fighting
16986,Puzzle
16986,Real-time
105134,Science Fiction
105134,Wargame
13004,Ancient
173090,Card Game
173090,Number
131366,Territory Building
171499,Economic
171499,Farming
171499,Territory Building
91514,Action \/ Dexterity
91514,Animals
91514,Children's Game
91514,Party Game
71,Ancient
71,Civilization
71,Economic
71,Negotiation
72287,Bluffing
72287,Deduction
72287,Murder\/Mystery
72287,Post-Napoleonic
217372,Adventure
217372,Racing
97903,Action \/ Dexterity
97903,Horror
172081,Exploration
172081,Maze
172081,Spies\/Secret Agents
22827,Civilization
22827,Fighting
22827,Miniatures
22827,Science Fiction
22827,Space Exploration
22827,Territory Building
475,Bluffing
475,Political
105,Card Game
105,Fantasy
105,Mythology
590,Card Game
590,Racing
46,Renaissance
196340,Economic
11971,Bluffing
11971,Card Game
11971,Party Game
172308,Fantasy
105551,Civilization
105551,Economic
105551,Exploration
105551,Nautical
105551,Negotiation
105551,Renaissance
198928,Medical
85256,Card Game
85256,Educational
85256,Trivia
225694,Deduction
225694,Party Game
225694,Word Game
144344,Age of Reason
144344,Economic
175117,Adventure
175117,Aviation \/ Flight
175117,Card Game
175117,Fantasy
203420,Deduction
203420,Puzzle
203420,Real-time
7854,Abstract Strategy
169124,Action \/ Dexterity
169124,American West
169124,Fighting
55670,Dice
55670,Nautical
154597,Abstract Strategy
154597,Animals
1258,Card Game
203993,Renaissance
39938,American West
39938,City Building
39938,Economic
90419,Aviation \/ Flight
90419,Economic
54625,Fighting
54625,Miniatures
54625,Science Fiction
54625,Wargame
162082,Civilization
162082,Mythology
128671,Ancient
128671,Fighting
128671,Miniatures
128671,Movies \/ TV \/ Radio theme
128671,Negotiation
202976,Ancient
202976,Card Game
202976,City Building
202976,Civilization
202976,Expansion for Base-game
175155,Bluffing
175155,Fighting
175155,Miniatures
175155,Science Fiction
175155,Wargame
191189,Card Game
191189,Fantasy
191189,Fighting
191189,Science Fiction
40628,Economic
40628,Farming
24310,Card Game
24310,Fantasy
24310,Humor
24310,Medieval
24310,Party Game
1829,Science Fiction
1829,Territory Building
1829,Wargame
36932,Horror
36932,Adventure
36932,Exploration
36932,Fantasy
36932,Fighting
36932,Miniatures
148951,Bluffing
148951,Civilization
148951,Fantasy
148951,Fighting
148951,Medieval
148951,Print & Play
156336,Card Game
156336,Exploration
156336,Fantasy
55690,Adventure
55690,Fantasy
55690,Horror
55690,Mature \/ Adult
55690,Miniatures
55690,Mythology
929,Card Game
929,Medieval
192153,Horror
192153,Mythology
192153,Novel-based
159675,Economic
159675,Farming
159675,Industry \/ Manufacturing
122298,Card Game
122298,Educational
1293,Dice
1293,Real-time
1293,Word Game
3943,Card Game
3943,Expansion for Base-game
3943,Fantasy
3943,Fighting
3943,Humor
2083,Abstract Strategy
2083,Comic Book \/ Strip
193037,Bluffing
193037,Deduction
193037,Horror
193037,Mature \/ Adult
193037,Science Fiction
193037,Zombies
3201,Adventure
3201,Bluffing
3201,Deduction
3201,Fantasy
3201,Movies \/ TV \/ Radio theme
3201,Novel-based
2389,Abstract Strategy
40793,American West
40793,Dice
110277,Card Game
110277,City Building
110277,Science Fiction
172242,Animals
172242,Card Game
172242,Comic Book \/ Strip
172242,Humor
172242,Mature \/ Adult
2281,Party Game
177639,Animals
177639,Fighting
177639,Science Fiction
17329,Action \/ Dexterity
17329,Animals
17329,Children's Game
2375,Abstract Strategy
2375,Card Game
96913,Medieval
194879,Bluffing
194879,Card Game
194879,Deduction
194879,Science Fiction
8051,Ancient
8051,City Building
8051,Territory Building
55660,Bluffing
55660,Card Game
55660,Deduction
55660,Expansion for Base-game
55660,Humor
55660,Party Game
177524,Action \/ Dexterity
177524,Animals
177524,Children's Game
372,Card Game
372,Deduction
220877,Dice
220877,Economic
220877,Territory Building
257,Humor
257,Murder\/Mystery
13291,Bluffing
13291,Card Game
13291,City Building
13291,Expansion for Base-game
13291,Fantasy
13291,Medieval
134726,Card Game
134726,Fantasy
134726,Horror
134726,Humor
134726,Spies\/Secret Agents
22141,Ancient
65781,City Building
65781,Economic
21059,Adventure
21059,Expansion for Base-game
21059,Fighting
21059,Horror
21059,Novel-based
21059,Science Fiction
199727,Economic
199727,Expansion for Base-game
199727,Territory Building
199727,Wargame
82222,Adventure
82222,Exploration
82222,Fighting
82222,Science Fiction
82222,Space Exploration
82222,Transportation
233371,Science Fiction
176229,Ancient
176229,Card Game
176229,Civilization
188920,Adventure
188920,Exploration
188920,Mature \/ Adult
188920,Modern Warfare
188920,Video Game Theme
15364,Economic
143519,Dice
143519,Fighting
143519,Science Fiction
143519,Space Exploration
2719,Abstract Strategy
2719,Animals
2719,Children's Game
58281,Card Game
58281,Fantasy
58281,Fighting
2093,Abstract Strategy
179275,Card Game
179275,Dice
179275,Fantasy
179275,Medieval
179275,Video Game Theme
20437,City Building
20437,Dice
20437,Economic
171273,Action \/ Dexterity
171273,Dice
171273,Real-time
199792,Animals
199792,Card Game
199792,City Building
199792,Fantasy
159508,Nautical
159508,Science Fiction
200680,Animals
200680,Economic
200680,Farming
83195,Action \/ Dexterity
83195,Card Game
83195,Children's Game
83195,Real-time
204027,Farming
204027,Puzzle
29387,Card Game
29387,Zombies
1345,Negotiation
1345,Renaissance
39953,Card Game
39953,Collectible Components
39953,Fantasy
39953,Fighting
39953,Medieval
39953,Negotiation
232043,City Building
232043,Fantasy
232043,Medieval
232043,Territory Building
526,Abstract Strategy
38054,Animals
38054,Racing
38054,Sports
50750,City Building
50750,Economic
50750,Fantasy
44163,Economic
44163,Industry \/ Manufacturing
10093,Economic
10093,Wargame
10093,World War II
200147,Animals
200147,Card Game
30539,Animals
30539,Bluffing
30539,Party Game
30539,Pirates
30539,Racing
140933,Dice
245638,Dice
245638,Renaissance
770,Card Game
770,Nautical
770,Pirates
12995,Adventure
12995,Exploration
12995,Fantasy
12995,Fighting
12995,Maze
624,Abstract Strategy
624,Maze
57072,Expansion for Base-game
57072,Fantasy
57072,Fighting
57072,Territory Building
155695,Dice
155695,Medieval
125678,Card Game
125678,Comic Book \/ Strip
40210,Card Game
40210,Civilization
40210,Economic
40210,Expansion for Base-game
40210,Science Fiction
40210,Space Exploration
47185,Card Game
47185,Collectible Components
47185,Fantasy
47185,Fighting
47185,Mythology
5716,Aviation \/ Flight
5716,Card Game
137269,City Building
137269,Economic
137269,Industry \/ Manufacturing
137269,Science Fiction
66356,Adventure
66356,Exploration
66356,Fantasy
66356,Fighting
66356,Miniatures
49,Card Game
195421,Adventure
195421,Exploration
43018,Economic
43018,Expansion for Base-game
43018,Farming
146278,Abstract Strategy
146278,Card Game
146278,Fantasy
146278,Fighting
57070,Expansion for Base-game
57070,Fantasy
57070,Fighting
57070,Territory Building
2392,Abstract Strategy
2392,Deduction
90850,Card Game
90850,Expansion for Base-game
90850,Medieval
42452,Animals
42452,Medieval
143986,Card Game
143986,Dice
143986,Humor
43539,Bluffing
43539,Deduction
43539,Expansion for Base-game
43539,Movies \/ TV \/ Radio theme
43539,Political
43539,Science Fiction
559,Trains
180585,Adventure
180585,Expansion for Base-game
180585,Mature \/ Adult
180585,Puzzle
180585,Science Fiction
9446,Card Game
9446,Fantasy
9446,Fighting
148575,Collectible Components
148575,Comic Book \/ Strip
148575,Dice
148575,Fighting
102548,Action \/ Dexterity
102548,Exploration
102548,Fantasy
102548,Fighting
102548,Humor
2448,Abstract Strategy
163068,Action Points
163068,Action Queue
163068,Simultaneous Action Selection
163068,Tile Placement
163068,Worker Placement
3699,Animals
3699,Card Game
3699,Humor
3699,Negotiation
104557,Card Game
104557,Expansion for Base-game
104557,Medieval
56692,Card Game
56692,Novel-based
18833,Adventure
18833,Bluffing
18833,Deduction
18833,Fantasy
18833,Movies \/ TV \/ Radio theme
18833,Novel-based
2394,Abstract Strategy
2394,Game System
2394,Video Game Theme
54138,Economic
54138,Nautical
54138,Political
221965,Animals
221965,Card Game
221965,Fantasy
33604,Humor
33604,Party Game
13642,Age of Reason
13642,Card Game
13642,Political
34585,Hand Management
34585,Point to Point Movement
34585,Set Collection
121,Bluffing
121,Fighting
121,Negotiation
121,Novel-based
121,Political
121,Science Fiction
39351,Economic
39351,Industry \/ Manufacturing
143789,Card Game
143789,City Building
143789,Dice
143789,Expansion for Base-game
71836,Card Game
71836,Exploration
71836,Fantasy
71836,Maze
15817,Nautical
15817,Pirates
15817,Transportation
2407,Children's Game
242,Bluffing
242,Humor
242,Mafia
242,Negotiation
242,Political
242,Wargame
121410,City Building
121410,Dice
121410,Real-time
121410,Science Fiction
1269,Card Game
127024,Bluffing
127024,Deduction
127024,Exploration
127024,Horror
127024,Maze
127024,Negotiation
192457,Fighting
192457,Miniatures
192457,Science Fiction
192457,Wargame
91872,Adventure
91872,Exploration
91872,Fantasy
91872,Fighting
91872,Miniatures
91872,Novel-based
815,Bluffing
815,Card Game
815,Deduction
815,Educational
815,Political
815,Science Fiction
81618,Expansion for Base-game
81618,Fantasy
81618,Fighting
81618,Territory Building
234487,Action Points
234487,"Deck, Bag, and Pool Building"
234487,Variable Player Powers
124172,Abstract Strategy
124172,Nautical
17223,Adventure
17223,Fantasy
17223,Fighting
17223,Video Game Theme
66056,Card Game
66056,City Building
66056,Medieval
66056,Territory Building
180593,Card Game
180593,Economic
180593,Horror
146439,Fantasy
146439,Miniatures
146439,Wargame
681,Abstract Strategy
712,Fantasy
712,Fighting
712,Miniatures
712,Sports
65532,Adventure
65532,Fantasy
65532,Fighting
65532,Miniatures
137408,Nautical
137408,Renaissance
184921,Animals
184921,Medieval
184921,Territory Building
155624,Deduction
155624,Fighting
155624,Miniatures
155624,Science Fiction
155624,Spies\/Secret Agents
162007,Racing
162007,Science Fiction
103886,Card Game
103886,Collectible Components
103886,Movies \/ TV \/ Radio theme
103886,Science Fiction
125403,Card Game
125403,Expansion for Base-game
125403,Medieval
21050,Wargame
21050,World War II
201921,Adventure
201921,Fantasy
201921,Video Game Theme
554,City Building
554,Civilization
554,Renaissance
554,Territory Building
112686,Fantasy
112686,Fighting
112686,Humor
256226,Abstract Strategy
10640,Exploration
10640,Fighting
10640,Horror
10640,Miniatures
10640,Science Fiction
10640,Video Game Theme
170416,Adventure
170416,Exploration
170416,Fantasy
191977,Card Game
21385,City Building
21385,Expansion for Base-game
21385,Medieval
21385,Territory Building
58421,Ancient
58421,Farming
714,Adventure
714,Exploration
714,Fantasy
714,Fighting
1,Economic
1,Negotiation
1,Political
904,Movies \/ TV \/ Radio theme
163,Bluffing
163,Party Game
163,Word Game
12962,Animals
12962,Environmental
12962,Territory Building
40765,Ancient
40765,City Building
40765,Civilization
40765,Economic
40765,Exploration
40765,Territory Building
8989,Economic
8989,Medieval
8989,Nautical
8989,Transportation
161533,City Building
161533,Economic
161533,Political
154842,Adventure
154842,Expansion for Base-game
154842,Fantasy
154842,Fighting
154842,Horror
154842,Novel-based
1897,Exploration
1897,Negotiation
1897,Science Fiction
1897,Space Exploration
182134,Animals
182134,Card Game
182134,Educational
182134,Environmental
182134,Fighting
182134,Prehistoric
174660,City Building
2593,Animals
2593,Dice
2593,Party Game
171233,Card Game
171233,Fantasy
120,Bluffing
9440,City Building
109276,Economic
109276,Industry \/ Manufacturing
1382,Animals
1382,Racing
1382,Sports
166669,Card Game
166669,City Building
166669,Economic
4636,Abstract Strategy
4636,Bluffing
4636,Deduction
4636,Prehistoric
16395,Abstract Strategy
16395,Territory Building
202408,Fighting
202408,Miniatures
202408,Science Fiction
202408,Video Game Theme
27364,Card Game
27364,City Building
27364,Economic
27364,Medieval
133993,Ancient
133993,Card Game
133993,City Building
133993,Civilization
133993,Expansion for Base-game
8125,Farming
182631,Card Game
182631,Fighting
182631,Science Fiction
221,Civil War
221,Medieval
221,Territory Building
221,Wargame
28,Card Game
28,Humor
28,Negotiation
28,Political
28,Science Fiction
126792,Animals
126792,Environmental
126792,Farming
157526,Bluffing
157526,Card Game
157526,City Building
157526,Civilization
157526,Fantasy
157526,Negotiation
25071,Card Game
25071,Fighting
25071,Horror
25071,Humor
106637,Expansion for Base-game
106637,Trains
160069,Trains
160069,Travel
33154,Territory Building
1353,Humor
1353,Party Game
136991,Action \/ Dexterity
136991,Fantasy
136991,Real-time
28259,Adventure
28259,Card Game
28259,Fantasy
28259,Fighting
28259,Humor
227789,Economic
227789,Farming
227789,Industry \/ Manufacturing
207830,Card Game
207830,Fantasy
207830,Fighting
207830,Real-time
234,Ancient
234,Political
234,Wargame
218127,Economic
218127,Environmental
218127,Expansion for Base-game
218127,Industry \/ Manufacturing
218127,Science Fiction
218127,Territory Building
205398,Bluffing
205398,Card Game
205398,City Building
205398,Fantasy
205398,Medieval
106645,Expansion for Base-game
106645,Trains
167400,Card Game
167400,Dice
167400,Fantasy
167400,Fighting
168584,Card Game
168584,Comic Book \/ Strip
168584,Deduction
6606,Card Game
6606,Expansion for Base-game
6606,Fantasy
6606,Fighting
6606,Humor
113997,Deduction
113997,Murder\/Mystery
215311,Racing
27710,Dice
156566,Fantasy
32125,Animals
32125,Bluffing
32125,Card Game
102104,Card Game
102104,Science Fiction
66505,Economic
137762,Card Game
137762,Comic Book \/ Strip
137762,Expansion for Base-game
9203,Aviation \/ Flight
9203,Card Game
9203,Wargame
9203,World War I
217449,Abstract Strategy
217449,Number
217449,Puzzle
199,City Building
22821,Civilization
22821,Expansion for Base-game
22821,Negotiation
22821,Political
22821,Science Fiction
22821,Space Exploration
128271,City Building
128271,Environmental
128271,Science Fiction
128271,Territory Building
244228,Abstract Strategy
244228,Animals
2955,Abstract Strategy
2955,City Building
2955,Territory Building
195539,Economic
195539,Mafia
195539,Movies \/ TV \/ Radio theme
119,Abstract Strategy
119,Fantasy
119,Medieval
19600,Ancient
19600,Civilization
19600,Fighting
19600,Nautical
19600,Territory Building
36345,Card Game
36345,Humor
36345,Movies \/ TV \/ Radio theme
167355,Adventure
167355,Horror
167355,Miniatures
167355,Science Fiction
181521,Adventure
181521,Card Game
181521,Exploration
181521,Fantasy
181521,Fighting
43868,Adventure
43868,Ancient
43868,Exploration
43868,Miniatures
246192,Card Game
246192,Science Fiction
157403,Nautical
157403,Pirates
157403,Transportation
213893,Mythology
152162,Card Game
154246,Animals
124,Prehistoric
161614,Economic
228341,Dice
228341,Science Fiction
228341,Space Exploration
116998,Card Game
116998,Fantasy
42776,Fighting
42776,Miniatures
42776,Science Fiction
42776,Video Game Theme
30746,Expansion for Base-game
30746,Trains
232832,Card Game
232832,Economic
232832,Fantasy
104710,Fantasy
104710,Fighting
4095,Card Game
4095,Fighting
4095,Humor
4095,Science Fiction
194880,Card Game
247030,Economic
247030,Environmental
247030,Expansion for Base-game
247030,Industry \/ Manufacturing
247030,Science Fiction
16496,Ancient
16496,Card Game
16496,Dice
1159,Animals
1159,Prehistoric
1159,Science Fiction
43528,Economic
43528,Medieval
43528,Novel-based
43528,Religious
203417,Deduction
203417,Puzzle
203417,Real-time
145659,Farming
72321,Economic
72321,Movies \/ TV \/ Radio theme
242302,Dice
242302,Science Fiction
242302,Space Exploration
30957,Ancient
30957,Political
157809,Ancient
157809,Civilization
157809,Dice
157809,Medieval
157809,Renaissance
35815,Adventure
35815,Fighting
35815,Horror
35815,Murder\/Mystery
256382,Card Game
256382,Fantasy
256382,Medieval
256382,Movies \/ TV \/ Radio theme
256382,Mythology
256382,Novel-based
553,Card Game
224,Ancient
224,Civilization
224,Medieval
224,Renaissance
224,Wargame
203427,Animals
203427,Card Game
494,Ancient
494,Racing
42052,Economic
42052,Farming
42052,Industry \/ Manufacturing
18100,Ancient
18100,Territory Building
31784,City Building
31784,Expansion for Base-game
31784,Medieval
31784,Territory Building
233398,Exploration
233398,Nautical
233398,Renaissance
421,Economic
421,Trains
421,Transportation
163166,Bluffing
163166,Card Game
163166,Deduction
163166,Horror
163166,Party Game
121297,Card Game
121297,Nautical
91,Wargame
91,World War I
925,Bluffing
925,Deduction
925,Horror
925,Murder\/Mystery
925,Negotiation
925,Party Game
147183,Dice
147183,Expansion for Base-game
147183,Fighting
147183,Movies \/ TV \/ Radio theme
147183,Science Fiction
155969,City Building
155969,Economic
155969,Fantasy
155969,Humor
2346,Abstract Strategy
144592,Economic
5737,Medieval
5737,Territory Building
53383,Expansion for Base-game
53383,Trains
203416,Deduction
203416,Real-time
2338,Card Game
2338,Exploration
2338,Science Fiction
2338,Space Exploration
181810,Abstract Strategy
181810,Card Game
189035,Adventure
189035,Expansion for Base-game
189035,Fantasy
189035,Medieval
189035,Puzzle
189035,Science Fiction
26990,Economic
26990,Industry \/ Manufacturing
26990,Nautical
26990,Transportation
41916,Children's Game
41916,Fantasy
41916,Maze
41916,Memory
132,Ancient
132,Bluffing
132,Card Game
41002,Nautical
41002,Renaissance
1041,Medieval
1041,Political
137136,Environmental
137136,Expansion for Base-game
137136,Medical
137136,Science Fiction
140603,Bluffing
140603,Exploration
140603,Nautical
140603,Pirates
140603,Renaissance
18836,City Building
18836,Expansion for Base-game
18836,Medieval
18836,Territory Building
94,Economic
94,Trains
148931,Bluffing
148931,Card Game
148931,Deduction
148931,Expansion for Base-game
148931,Political
247763,Card Game
247763,City Building
247763,Civilization
247763,Industry \/ Manufacturing
247763,Nautical
247763,Science Fiction
200077,Card Game
200077,Economic
200077,Industry \/ Manufacturing
250458,Civilization
250458,Medieval
250458,Travel
361,Animals
361,Racing
206941,Card Game
206941,Trains
91072,Bluffing
91072,Card Game
91072,Expansion for Base-game
91072,Exploration
91072,Party Game
12902,City Building
12902,Medieval
4324,Adventure
4324,Fantasy
4324,Movies \/ TV \/ Radio theme
4324,Novel-based
4324,Territory Building
4324,Wargame
9653,American West
9653,Bluffing
9653,Card Game
9653,Deduction
9653,Expansion for Base-game
9653,Fighting
39775,City Building
39775,Dice
39775,Expansion for Base-game
39775,Fantasy
39775,Medieval
119432,Trains
163745,Collectible Components
163745,Fighting
163745,Miniatures
163745,Movies \/ TV \/ Radio theme
163745,Science Fiction
163745,Wargame
94362,Card Game
94362,Fantasy
94362,Fighting
70512,Fantasy
142326,Civilization
142326,Exploration
142326,Mythology
142326,Territory Building
193042,Action \/ Dexterity
193042,Party Game
176734,Civilization
176734,Dice
176734,Economic
176734,Environmental
176734,Industry \/ Manufacturing
246784,Deduction
179572,City Building
179572,Dice
179572,Medieval
25945,Adventure
25945,Expansion for Base-game
25945,Fighting
25945,Horror
25945,Novel-based
25945,Science Fiction
18258,Science Fiction
18258,Space Exploration
192458,Card Game
192458,City Building
192458,Economic
192458,Science Fiction
181530,Adventure
181530,Exploration
181530,Fantasy
25643,City Building
104363,Fighting
104363,Negotiation
104363,Political
104363,Science Fiction
143515,Industry \/ Manufacturing
143515,Trains
143515,Transportation
119788,Civilization
119788,Exploration
119788,Fantasy
119788,Fighting
171669,American West
171669,Dice
34887,Bluffing
34887,Deduction
34887,Political
230080,Card Game
230080,Medieval
19100,Animals
19100,Economic
19100,Farming
19100,Territory Building
121288,Card Game
121288,Humor
121288,Party Game
104347,Economic
158900,Animals
158900,Fantasy
158900,Fighting
62227,Modern Warfare
62227,Political
62227,Wargame
254640,Party Game
254640,Word Game
222509,Ancient
222509,Civilization
222509,Mythology
222509,Science Fiction
222509,Territory Building
106217,Action Points
106217,Area Movement
106217,Modular Board
240,Ancient
240,Civilization
240,Medieval
240,Wargame
205359,Card Game
205359,Collectible Components
205359,Dice
205359,Fighting
205359,Movies \/ TV \/ Radio theme
205359,Science Fiction
25568,City Building
137988,Horror
137988,Miniatures
137988,Zombies
4143,Children's Game
4143,Deduction
4143,Movies \/ TV \/ Radio theme
108687,City Building
108687,Economic
108687,Farming
2136,Children's Game
2136,Comic Book \/ Strip
2136,Dice
2136,Movies \/ TV \/ Radio theme
2136,Novel-based
2136,Racing
242574,Nautical
232918,Adventure
232918,Exploration
232918,Science Fiction
232918,Video Game Theme
2596,Action \/ Dexterity
2596,Children's Game
2596,Party Game
60,Ancient
60,Civilization
60,Territory Building
45358,City Building
229220,Civilization
229220,Farming
139976,Fantasy
139976,Fighting
139976,Horror
139976,Miniatures
175621,Card Game
175621,Fantasy
175621,Fighting
175621,Prehistoric
175621,Zombies
223321,Deduction
223321,Murder\/Mystery
170,Card Game
170,Mafia
213460,Card Game
213460,Exploration
213460,Puzzle
213460,Real-time
149155,Card Game
149155,Pirates
103,Fantasy
103,Fighting
878,American West
878,Card Game
24742,Bluffing
24742,Card Game
24742,Modern Warfare
24742,Political
24742,Spies\/Secret Agents
31563,Adventure
31563,Exploration
31563,Fantasy
31563,Novel-based
34127,Card Game
34127,Trains
21441,Exploration
15,Bluffing
15,Negotiation
15,Science Fiction
98351,Card Game
98351,Civilization
98351,Science Fiction
98351,Space Exploration
113401,Card Game
113401,Educational
113401,Party Game
113401,Trivia
1513,Ancient
1513,Negotiation
1513,Political
1513,Wargame
150999,Ancient
150999,Card Game
150999,Religious
189932,Fantasy
269385,Adventure
269385,Fantasy
269385,Fighting
269385,Novel-based
134352,Bluffing
134352,Card Game
134352,Deduction
134352,Negotiation
134352,Party Game
134352,Print & Play
231965,Economic
231965,Educational
231965,Environmental
231965,Expansion for Base-game
231965,Industry \/ Manufacturing
231965,Science Fiction
7707,City Building
7707,Expansion for Base-game
7707,Medieval
7707,Prehistoric
7707,Territory Building
2386,Abstract Strategy
21632,Dice
21632,Medieval
52461,Age of Reason
52461,Card Game
52461,Economic
35497,Animals
35497,Educational
35497,Trivia
37628,Card Game
220520,Economic
220520,Fantasy
220520,Farming
22038,Medieval
22038,Negotiation
22038,Political
22038,Wargame
6411,Abstract Strategy
6411,Territory Building
88408,Card Game
88408,Fantasy
88408,Fighting
88408,Horror
1231,Action \/ Dexterity
1231,Party Game
528,Abstract Strategy
27760,Expansion for Base-game
27760,Negotiation
27760,Transportation
232219,Abstract Strategy
132372,Card Game
132372,Medieval
19777,Economic
19777,Industry \/ Manufacturing
19777,Transportation
35570,Economic
35570,Industry \/ Manufacturing
4103,Civilization
4103,Expansion for Base-game
4103,Exploration
4103,Nautical
4103,Negotiation
207336,Card Game
207336,City Building
207336,Territory Building
256,Nautical
256,Racing
256,Transportation
169255,Card Game
169255,Collectible Components
169255,Fantasy
169255,Fighting
169255,Medieval
169255,Negotiation
3685,Medieval
3685,Wargame
148319,Bluffing
148319,Deduction
148319,Murder\/Mystery
17025,Card Game
22825,Miniatures
22825,Wargame
22825,World War II
25021,Civil War
25021,Renaissance
25021,Wargame
182078,Expansion for Base-game
182078,Trains
201825,Card Game
201825,Fantasy
9625,Age of Reason
9625,Civilization
9625,Fighting
9625,Political
9625,Territory Building
65515,Bluffing
65515,Deduction
65515,Humor
65515,Religious
232405,American West
129948,City Building
129948,Economic
129948,Renaissance
986,Ancient
986,Card Game
986,City Building
153065,Card Game
1403,Card Game
39339,Murder\/Mystery
39339,Science Fiction
18866,Animals
193558,Ancient
193558,Mythology
16747,Action \/ Dexterity
16747,Dice
16747,Party Game
154809,Economic
154809,Industry \/ Manufacturing
71671,Mythology
34084,Bluffing
34084,Card Game
34084,Fantasy
119591,Political
119591,Renaissance
4396,Animals
4396,Card Game
4396,Mythology
4396,Racing
38159,Bluffing
38159,Card Game
38159,Deduction
38159,Horror
38159,Murder\/Mystery
38159,Negotiation
72225,Economic
72225,Environmental
72225,Industry \/ Manufacturing
2163,Fighting
2163,Miniatures
2163,Science Fiction
37196,Action \/ Dexterity
37196,Children's Game
158275,Collectible Components
158275,Comic Book \/ Strip
158275,Dice
158275,Fighting
55600,Economic
55600,Industry \/ Manufacturing
55600,Nautical
5048,Children's Game
5048,Racing
144553,City Building
144553,Medieval
125898,Civilization
125898,Expansion for Base-game
125898,Fighting
125898,Science Fiction
125898,Space Exploration
18803,Card Game
18803,Deduction
18803,Horror
18803,Humor
18803,Murder\/Mystery
18803,Party Game
36235,Abstract Strategy
36235,Medieval
165722,Action \/ Dexterity
165722,Real-time
223555,Economic
223555,Expansion for Base-game
223555,Transportation
223555,Wargame
29678,Adventure
29678,Exploration
29678,Fantasy
29678,Fighting
29678,Humor
42487,Adventure
42487,Exploration
192135,Adventure
192135,Dice
192135,Fantasy
22172,Adventure
22172,Expansion for Base-game
22172,Fighting
22172,Horror
22172,Novel-based
22172,Science Fiction
95527,Dice
95527,Economic
95527,Farming
95527,Nautical
265736,Abstract Strategy
265736,City Building
151004,Card Game
151004,Fantasy
151004,Horror
151004,Humor
151004,Mythology
151004,Prehistoric
160010,Adventure
160010,Fantasy
160010,Fighting
160010,Miniatures
160010,Novel-based
216459,Adventure
216459,Card Game
216459,Exploration
118063,Card Game
118063,Exploration
118063,Science Fiction
118063,Spies\/Secret Agents
202174,Expansion for Base-game
202174,Farming
3307,Economic
3307,Renaissance
3307,Territory Building
41105,Card Game
41105,Expansion for Base-game
41105,Medieval
4491,Fantasy
6887,Card Game
6887,Movies \/ TV \/ Radio theme
119506,American Civil War
119506,Economic
119506,Educational
119506,Political
1339,Adventure
1339,Exploration
1339,Fantasy
1339,Fighting
4101,Expansion for Base-game
4101,Medieval
4101,Negotiation
245654,Dice
245654,Trains
131646,Economic
131646,Exploration
131646,Science Fiction
131646,Space Exploration
131646,Transportation
175324,Bluffing
175324,Card Game
175324,Deduction
131325,Card Game
131325,Educational
131325,Party Game
131325,Trivia
286096,Civilization
193621,Card Game
193621,Comic Book \/ Strip
193621,Humor
193621,Mature \/ Adult
193621,Party Game
180511,Renaissance
5894,Action \/ Dexterity
5894,Children's Game
5894,Party Game
13122,City Building
13122,Civilization
13122,Economic
13122,Environmental
13122,Medieval
115,Negotiation
17392,Negotiation
17392,Political
17392,Religious
17392,Renaissance
17392,Wargame
24417,Industry \/ Manufacturing
24417,Puzzle
24417,Real-time
85905,Bluffing
85905,Deduction
85905,Expansion for Base-game
85905,Movies \/ TV \/ Radio theme
85905,Political
85905,Science Fiction
29416,Economic
29416,Expansion for Base-game
29416,Industry \/ Manufacturing
551,American Civil War
551,Wargame
151347,Card Game
151347,Real-time
1117,Animals
1117,Bluffing
1117,Card Game
1117,Humor
161317,Civilization
161317,Economic
161317,Expansion for Base-game
161317,Fantasy
161317,Territory Building
128996,Age of Reason
128996,American Indian Wars
128996,American Revolutionary War
128996,Educational
128996,Wargame
191231,Territory Building
191231,Transportation
21920,Renaissance
243,Wargame
243,World War II
249,Nautical
249,Negotiation
249,Party Game
26566,American West
26566,City Building
26566,Economic
197070,Adventure
197070,Exploration
197070,Fantasy
197070,Fighting
197070,Miniatures
130704,Adventure
130704,Expansion for Base-game
130704,Exploration
130704,Fantasy
130704,Fighting
130704,Miniatures
194626,Animals
194626,Children's Game
194626,Party Game
194626,Real-time
106662,Animals
106662,Economic
106662,Prehistoric
481,Abstract Strategy
481,Medieval
481,Territory Building
15985,Collectible Components
15985,Expansion for Base-game
15985,Fantasy
15985,Fighting
15985,Miniatures
15985,Sports
66121,Card Game
66121,Civilization
66121,Economic
66121,Expansion for Base-game
66121,Science Fiction
66121,Space Exploration
131287,Economic
131287,Nautical
131287,Transportation
101785,Dice
101785,Wargame
101785,World War II
45986,Fantasy
45986,Fighting
45986,Medieval
95103,Adventure
95103,Miniatures
39206,Action \/ Dexterity
39206,Children's Game
155873,Economic
155873,Industry \/ Manufacturing
117915,Medieval
168679,Card Game
168679,City Building
340,Animals
340,Card Game
491,Medieval
491,Territory Building
134253,Card Game
134253,Dice
112138,Collectible Components
112138,Fantasy
112138,Fighting
112138,Miniatures
145639,Action \/ Dexterity
145639,Animals
145639,Children's Game
82168,Horror
82168,Party Game
82168,Science Fiction
183880,Movies \/ TV \/ Radio theme
183880,Science Fiction
183880,Wargame
855,City Building
137479,Adventure
137479,Card Game
137479,Dice
137479,Expansion for Base-game
137479,Fantasy
137479,Fighting
19999,Ancient
108784,Card Game
108784,Fantasy
1540,Fighting
1540,Miniatures
1540,Science Fiction
1540,Wargame
130176,Animals
130176,Card Game
130176,Children's Game
130176,Novel-based
130176,Racing
154638,Ancient
154638,Card Game
154638,City Building
154638,Civilization
154638,Expansion for Base-game
170561,Card Game
170561,Dice
170561,Fantasy
180852,American West
180852,Bluffing
180852,Industry \/ Manufacturing
638,Bluffing
638,Card Game
638,Mythology
106,Card Game
106,Murder\/Mystery
39707,Card Game
39707,Expansion for Base-game
39707,Medieval
40776,Adventure
40776,Expansion for Base-game
40776,Fighting
40776,Horror
40776,Novel-based
40776,Science Fiction
154386,Medieval
902,Card Game
902,Fighting
902,Nautical
902,Pirates
71818,Expansion for Base-game
71818,Fantasy
71818,Fighting
71818,Territory Building
99975,Card Game
99975,Educational
99975,Trivia
3737,Action \/ Dexterity
3737,Children's Game
3737,Medical
196326,Card Game
196326,Deduction
20660,Card Game
20660,Expansion for Base-game
20660,Fantasy
20660,Fighting
20660,Humor
19526,Economic
19526,Territory Building
134453,Novel-based
134453,Territory Building
175199,Card Game
175199,Print & Play
176558,Bluffing
176558,Deduction
176558,Mafia
176558,Party Game
8107,Adventure
8107,Fantasy
8107,Movies \/ TV \/ Radio theme
8107,Novel-based
8107,Territory Building
8107,Wargame
12903,City Building
12903,Expansion for Base-game
12903,Medieval
12903,Territory Building
177,Ancient
177,Civilization
177,Economic
177,Expansion for Base-game
177,Negotiation
73171,Adventure
73171,Bluffing
73171,Fighting
73171,Miniatures
73171,Science Fiction
73171,Spies\/Secret Agents
382,Bluffing
382,Spies\/Secret Agents
16267,Trains
135382,Adventure
135382,Card Game
135382,Science Fiction
177590,Bluffing
177590,Modern Warfare
177590,Political
177590,Wargame
31497,American West
193214,Action \/ Dexterity
193214,Animals
154458,Civilization
154458,Economic
154458,Exploration
151022,Card Game
151022,Science Fiction
151022,Sports
6707,Ancient
6707,Civilization
6707,Mythology
6707,Video Game Theme
12477,Economic
12477,Industry \/ Manufacturing
12477,Mafia
12477,Negotiation
12477,Transportation
129051,Economic
129051,Industry \/ Manufacturing
54137,Abstract Strategy
54137,Animals
123096,Action \/ Dexterity
123096,Puzzle
123096,Real-time
123096,Science Fiction
123096,Space Exploration
181687,Economic
143185,Card Game
143185,Fantasy
143185,Horror
143185,Humor
143185,Mythology
135779,Bluffing
135779,Deduction
135779,Party Game
3931,Ancient
3931,Civilization
3931,Economic
30645,Negotiation
30645,Political
30645,Territory Building
175640,Economic
175640,Industry \/ Manufacturing
7,Abstract Strategy
146791,Adventure
146791,American West
146791,Exploration
146791,Fantasy
146791,Fighting
146791,Horror
61001,Bluffing
61001,Card Game
61001,Expansion for Base-game
61001,Negotiation
61001,Science Fiction
61001,Space Exploration
634,Abstract Strategy
71061,Adventure
71061,Exploration
71061,Fantasy
71061,Fighting
19319,Economic
19319,Expansion for Base-game
19319,Industry \/ Manufacturing
30381,City Building
30381,Economic
30381,Pike and Shot
79127,Fighting
79127,Miniatures
79127,Movies \/ TV \/ Radio theme
79127,Science Fiction
79127,Space Exploration
95064,Card Game
95064,Fantasy
104590,Expansion for Base-game
104590,Fantasy
104590,Fighting
104590,Medieval
104590,Mythology
492,Arabian
492,Bluffing
492,Fantasy
492,Medieval
25031,Economic
25031,Expansion for Base-game
25031,Industry \/ Manufacturing
142992,Card Game
142992,Science Fiction
174785,Ancient
174785,Civilization
174785,Economic
174785,Mythology
174785,Wargame
24827,Ancient
24827,Card Game
24827,Economic
25261,Fantasy
25261,Fighting
25261,Horror
25261,Miniatures
25261,Science Fiction
25261,Spies\/Secret Agents
943,Card Game
943,Real-time
156858,Spies\/Secret Agents
156858,World War II
31105,Adventure
31105,Ancient
31105,Card Game
31105,Exploration
212402,Animals
212402,Fantasy
619,Card Game
