ime,id,leto,minplay,maxplay,mintime,maxtime,minage,ocena,glasovi,kategorije,mechanic

Catan,13,1995,3,4,60,120,10,7.1791,88579,['Negotiation'],"['Dice Rolling', 'Hexagon Grid', 'Income', 'Modular Board', 'Network and Route Building', 'Race']"

Carcassonne,822,2000,2,5,30,45,8,7.42312,88383,"['City Building', 'Medieval', 'Territory Building']","['Area Majority \\/ Influence', 'Tile Placement']"

Pandemic,30549,2008,2,4,45,45,8,7.62693,87254,['Medical'],"['Action Points', 'Cooperative Game', 'Hand Management', 'Point to Point Movement', 'Set Collection', 'Solo \\/ Solitaire Game']"

7 Wonders,68448,2010,2,7,30,30,10,7.77183,72419,"['Ancient', 'Card Game', 'City Building', 'Civilization']","['Card Drafting', 'Drafting', 'Hand Management', 'Set Collection', 'Simultaneous Action Selection', 'Variable Player Powers']"

Dominion,36218,2008,2,4,30,30,13,7.6371,70461,"['Card Game', 'Medieval']","['Deck, Bag, and Pool Building', 'Hand Management', 'Take That', 'Variable Setup']"

Ticket to Ride,9209,2004,2,5,30,60,8,7.43978,62701,['Trains'],"['Card Drafting', 'Hand Management', 'Network and Route Building', 'Set Collection']"

Agricola,31260,2007,1,5,30,150,12,7.97815,58647,"['Animals', 'Economic', 'Farming']","['Action Drafting', 'Automatic Resource Growth', 'Card Drafting', 'Enclosure', 'Hand Management', 'Increase Value of Unchosen Resources']"

Puerto Rico,3076,2002,3,5,90,150,12,8.02597,57967,"['City Building', 'Economic', 'Farming']","['Action Drafting', 'End Game Bonuses', 'Follow', 'Hidden Victory Points', 'Increase Value of Unchosen Resources', 'Turn Order: Progressive']"

Small World,40692,2009,2,5,40,80,8,7.29076,55364,"['Fantasy', 'Fighting', 'Territory Building']","['Area Majority \\/ Influence', 'Area Movement', 'Dice Rolling', 'Variable Player Powers']"

Codenames,178900,2015,2,8,15,15,14,7.68118,54883,"['Card Game', 'Deduction', 'Party Game', 'Spies\\/Secret Agents', 'Word Game']","['Communication Limits', 'Memory', 'Push Your Luck', 'Team-Based Game']"

Power Grid,2651,2004,2,6,120,120,12,7.88343,51486,"['Economic', 'Industry \\/ Manufacturing']","['Auction: Turn Order Until Pass', 'Market', 'Network and Route Building', 'Turn Order: Stat-Based']"

King of Tokyo,70323,2011,2,6,30,30,8,7.21686,50656,"['Dice', 'Fighting', 'Movies \\/ TV \\/ Radio theme', 'Science Fiction']","['Card Drafting', 'Dice Rolling', 'Player Elimination', 'Push Your Luck']"

Ticket to Ride: Europe,14996,2005,2,5,30,60,8,7.55494,49718,['Trains'],"['Card Drafting', 'Hand Management', 'Network and Route Building', 'Set Collection']"

Love Letter,129622,2012,2,4,20,20,10,7.24439,48955,"['Card Game', 'Deduction', 'Renaissance']","['Hand Management', 'Player Elimination']"

Splendor,148228,2014,2,4,30,30,10,7.46787,48314,"['Card Game', 'Economic', 'Renaissance']","['Card Drafting', 'Contracts', 'Set Collection']"

Terraforming Mars,167791,2016,1,5,120,120,12,8.41187,44904,"['Economic', 'Environmental', 'Industry \\/ Manufacturing', 'Science Fiction', 'Space Exploration', 'Territory Building']","['Drafting', 'End Game Bonuses', 'Hand Management', 'Income', 'Set Collection', 'Take That']"

7 Wonders Duel,173346,2015,2,2,30,30,10,8.11276,44858,"['Ancient', 'Card Game', 'City Building', 'Civilization']","['Card Drafting', 'Drafting', 'Set Collection', 'Sudden Death Ending', 'Tug of War']"

Citadels,478,2000,2,8,20,60,10,7.09491,44774,"['Bluffing', 'Card Game', 'City Building', 'Fantasy', 'Medieval']","['Action Drafting', 'Card Drafting', 'Set Collection', 'Turn Order: Role Order', 'Variable Player Powers']"

Scythe,169786,2016,1,5,90,115,14,8.26949,44234,"['Economic', 'Fighting', 'Science Fiction', 'Territory Building']","['Area Majority \\/ Influence', 'Grid Movement', 'Variable Player Powers']"

Dixit,39856,2008,3,6,30,30,8,7.28233,43503,"['Card Game', 'Humor', 'Party Game']","['Communication Limits', 'Simultaneous Action Selection', 'Storytelling', 'Voting']"

Race for the Galaxy,28143,2007,2,4,30,60,12,7.76225,41900,"['Card Game', 'Civilization', 'Economic', 'Science Fiction', 'Space Exploration']","['Hand Management', 'Simultaneous Action Selection', 'Variable Phase Order', 'Variable Player Powers']"

Lords of Waterdeep,110327,2012,2,5,60,120,12,7.76312,40349,"['City Building', 'Fantasy']","['Card Drafting', 'Contracts', 'Increase Value of Unchosen Resources', 'Ownership', 'Set Collection', 'Take That']"

Stone Age,34635,2008,2,4,60,90,10,7.59176,39779,"['Dice', 'Prehistoric']","['Dice Rolling', 'Set Collection', 'Turn Order: Progressive', 'Worker Placement']"

The Castles of Burgundy,84876,2011,2,4,30,90,12,8.12672,39015,"['Dice', 'Medieval', 'Territory Building']","['Dice Rolling', 'Set Collection', 'Tile Placement', 'Turn Order: Stat-Based']"

Munchkin,1927,2001,3,6,60,120,10,5.91498,37270,"['Card Game', 'Fantasy', 'Fighting', 'Humor']","['Card Drafting', 'Dice Rolling', 'Hand Management', 'Take That', 'Variable Player Powers']"

Forbidden Island,65244,2010,2,4,30,30,10,6.81159,36822,"['Adventure', 'Fantasy']","['Action Points', 'Cooperative Game', 'Grid Movement', 'Hand Management', 'Modular Board', 'Pick-up and Deliver']"

Patchwork,163412,2014,2,2,15,30,8,7.69504,36438,"['Abstract Strategy', 'Puzzle']","['Card Drafting', 'Grid Coverage', 'Square Grid', 'Tile Placement', 'Time Track']"

Twilight Struggle,12333,2005,2,2,120,180,13,8.31891,35934,"['Modern Warfare', 'Political', 'Wargame']","['Action\\/Event', 'Advantage Token', 'Area Majority \\/ Influence', 'Campaign \\/ Battle Card Driven', 'Dice Rolling', 'Hand Management']"

Arkham Horror,15987,2005,1,8,120,240,14,7.28273,34954,"['Adventure', 'Fantasy', 'Fighting', 'Horror', 'Novel-based']","['Cooperative Game', 'Dice Rolling', 'Hand Management', 'Point to Point Movement', 'Role Playing', 'Semi-Cooperative Game']"

Bohnanza,11,1997,2,7,45,45,13,7.04043,34867,"['Card Game', 'Farming', 'Negotiation']","['Hand Management', 'Set Collection', 'Trading']"

Azul,230802,2017,2,4,30,45,8,7.88663,34576,"['Abstract Strategy', 'Renaissance']","['Card Drafting', 'Pattern Building', 'Set Collection', 'Tile Placement']"

Dead of Winter: A Crossroads Game,150376,2014,2,5,60,120,13,7.64559,34550,"['Bluffing', 'Deduction', 'Horror', 'Zombies']","['Action Points', 'Area Movement', 'Cooperative Game', 'Dice Rolling', 'Hand Management', 'Push Your Luck']"

Terra Mystica,120677,2012,2,5,60,150,12,8.17762,34148,"['Civilization', 'Economic', 'Fantasy', 'Territory Building']","['End Game Bonuses', 'Income', 'Increase Value of Unchosen Resources', 'Network and Route Building', 'Turn Order: Pass Order', 'Variable Player Powers']"

Hanabi,98778,2010,2,5,25,25,8,7.12302,33633,"['Card Game', 'Deduction', 'Memory']","['Communication Limits', 'Cooperative Game', 'Hand Management', 'Memory', 'Set Collection']"

Pandemic Legacy: Season 1,161936,2015,2,4,60,60,13,8.62842,33448,"['Environmental', 'Medical']","['Action Points', 'Cooperative Game', 'Hand Management', 'Legacy Game', 'Point to Point Movement', 'Set Collection']"

Lost Cities,50,1999,2,2,30,30,10,7.16082,33057,"['Card Game', 'Exploration']","['Hand Management', 'Set Collection']"

The Resistance,41114,2009,5,10,30,30,13,7.31799,32797,"['Bluffing', 'Card Game', 'Deduction', 'Negotiation', 'Party Game', 'Science Fiction']","['Hidden Roles', 'Memory', 'Simultaneous Action Selection', 'Team-Based Game', 'Traitor Game', 'Voting']"

Betrayal at House on the Hill,10547,2004,3,6,60,60,12,7.07131,31998,"['Adventure', 'Exploration', 'Horror', 'Miniatures']","['Dice Rolling', 'Modular Board', 'Player Elimination', 'Role Playing', 'Storytelling', 'Team-Based Game']"

Coup,131357,2012,2,6,15,15,13,7.0285,30790,"['Bluffing', 'Card Game', 'Deduction', 'Party Game', 'Political']","['Memory', 'Player Elimination', 'Take That', 'Variable Player Powers']"

Battlestar Galactica: The Board Game,37111,2008,3,6,120,180,14,7.73978,30652,"['Bluffing', 'Deduction', 'Movies \\/ TV \\/ Radio theme', 'Political', 'Science Fiction', 'Space Exploration']","['Area Movement', 'Dice Rolling', 'Hand Management', 'Hidden Roles', 'Once-Per-Game Abilities', 'Role Playing']"

Star Realms,147020,2014,2,2,20,20,12,7.60432,30329,"['Card Game', 'Fighting', 'Science Fiction']","['Card Drafting', 'Deck, Bag, and Pool Building', 'Hand Management', 'Take That']"

Jaipur,54043,2009,2,2,30,30,12,7.51486,30023,"['Animals', 'Card Game']","['Card Drafting', 'Hand Management', 'Set Collection']"

Takenoko,70919,2011,2,4,45,45,8,7.29614,29522,"['Animals', 'Environmental', 'Farming', 'Territory Building']","['Action Points', 'Dice Rolling', 'Grid Movement', 'Modular Board', 'Network and Route Building', 'Pattern Building']"

Gloomhaven,174430,2017,1,4,60,120,12,8.86799,28997,"['Adventure', 'Exploration', 'Fantasy', 'Fighting', 'Miniatures']","['Campaign \\/ Battle Card Driven', 'Cooperative Game', 'Grid Movement', 'Hand Management', 'Modular Board', 'Role Playing']"

Magic: The Gathering,463,1993,2,2,20,20,13,7.48699,28947,"['Card Game', 'Collectible Components', 'Fantasy', 'Fighting']","['Hand Management', 'Take That']"

Robinson Crusoe: Adventures on the Cursed Island,121921,2012,1,4,60,120,14,7.88877,28577,"['Adventure', 'Exploration', 'Fighting', 'Novel-based']","['Action Queue', 'Cooperative Game', 'Dice Rolling', 'Hexagon Grid', 'Solo \\/ Solitaire Game', 'Tile Placement']"

Sushi Go!,133473,2013,2,5,15,15,8,7.06726,28348,['Card Game'],"['Card Drafting', 'Hand Management', 'Set Collection', 'Simultaneous Action Selection']"

Dominion: Intrigue,40834,2009,2,4,30,30,13,7.73607,27835,"['Card Game', 'Medieval']","['Card Drafting', 'Deck, Bag, and Pool Building', 'Hand Management']"

Blood Rage,170216,2015,2,4,60,90,14,8.01338,27646,"['Fantasy', 'Fighting', 'Miniatures', 'Mythology']","['Action Points', 'Area Majority \\/ Influence', 'Area Movement', 'Card Drafting', 'Hand Management', 'Memory']"

Five Tribes,157354,2014,2,4,40,80,13,7.77221,27257,"['Animals', 'Arabian', 'Fantasy', 'Mythology']","['Area Majority \\/ Influence', 'Auction\\/Bidding', 'Card Drafting', 'Deck, Bag, and Pool Building', 'Drafting', 'Mancala']"

Risk,181,1959,2,6,120,120,10,5.5814,27046,"['Territory Building', 'Wargame']","['Area Majority \\/ Influence', 'Area Movement', 'Dice Rolling', 'Player Elimination', 'Set Collection']"

Galaxy Trucker,31481,2007,2,4,60,60,10,7.42728,26560,"['Real-time', 'Science Fiction', 'Space Exploration', 'Transportation']","['Dice Rolling', 'Real-Time', 'Team-Based Game', 'Tile Placement']"

Alhambra,6249,2003,2,6,45,60,8,7.02518,26014,"['Arabian', 'City Building', 'Medieval']","['Card Drafting', 'Hand Management', 'Set Collection', 'Tile Placement']"

Hive,2655,2001,2,2,20,20,9,7.32338,26007,"['Abstract Strategy', 'Animals']","['Grid Movement', 'Hexagon Grid', 'Tile Placement']"

Tzolk&#039;in: The Mayan Calendar,126163,2012,2,4,90,90,13,7.91975,25951,"['Ancient', 'Civilization', 'Economic', 'Farming', 'Mythology']","['Turn Order: Claim Action', 'Worker Placement']"

Mysterium,181304,2015,2,7,42,42,10,7.37711,25604,"['Deduction', 'Horror', 'Murder\\/Mystery', 'Party Game']","['Communication Limits', 'Cooperative Game', 'Hand Management', 'Pattern Recognition']"

A Game of Thrones: The Board Game (Second Edition),103343,2011,3,6,120,240,14,7.64789,25353,"['Bluffing', 'Fantasy', 'Negotiation', 'Novel-based', 'Political', 'Wargame']","['Area Majority \\/ Influence', 'Area Movement', 'Auction\\/Bidding', 'Hand Management', 'Order Counters', 'Player Elimination']"

Sheriff of Nottingham,157969,2014,3,5,60,60,14,7.19184,25307,"['Bluffing', 'Card Game', 'Humor', 'Medieval', 'Negotiation', 'Novel-based']","['Bribery', 'Card Drafting', 'Hand Management', 'Role Playing', 'Set Collection']"

Caylus,18602,2005,2,5,60,150,12,7.80365,25153,"['City Building', 'Economic', 'Medieval']","['Ownership', 'Turn Order: Claim Action', 'Turn Order: Pass Order', 'Variable Setup', 'Worker Placement']"

Chess,171,1475,2,2,60,60,6,7.10209,25148,['Abstract Strategy'],"['Grid Movement', 'Pattern Movement', 'Square Grid', 'Static Capture']"

Eldritch Horror,146021,2013,1,8,120,240,14,7.84291,25074,"['Adventure', 'Fantasy', 'Fighting', 'Horror', 'Novel-based', 'Travel']","['Action Points', 'Cooperative Game', 'Dice Rolling', 'Point to Point Movement', 'Role Playing', 'Solo \\/ Solitaire Game']"

Android: Netrunner,124742,2012,2,2,45,45,14,7.88665,24950,"['Bluffing', 'Card Game', 'Collectible Components', 'Science Fiction']","['Action Points', 'Hand Management', 'Secret Unit Deployment', 'Take That', 'Variable Player Powers']"

Cosmic Encounter,39463,2008,3,5,60,120,12,7.54645,24850,"['Bluffing', 'Negotiation', 'Science Fiction', 'Space Exploration']","['Alliances', 'Auction\\/Bidding', 'Hand Management', 'Negotiation', 'Race', 'Simultaneous Action Selection']"

Caverna: The Cave Farmers,102794,2013,1,7,30,210,12,8.05179,24849,"['Animals', 'Economic', 'Fantasy', 'Farming']","['Automatic Resource Growth', 'Increase Value of Unchosen Resources', 'Tile Placement', 'Worker Placement']"

Mage Knight Board Game,96848,2011,1,4,60,240,14,8.10061,24605,"['Adventure', 'Exploration', 'Fantasy', 'Fighting']","['Card Drafting', 'Cooperative Game', 'Deck, Bag, and Pool Building', 'Dice Rolling', 'Grid Movement', 'Hand Management']"

Eclipse,72125,2011,2,6,60,180,14,7.92921,24574,"['Civilization', 'Fighting', 'Science Fiction', 'Space Exploration', 'Wargame']","['Area Majority \\/ Influence', 'Dice Rolling', 'Grid Movement', 'Modular Board', 'Player Elimination', 'Tile Placement']"

Monopoly,1406,1933,2,8,60,180,8,4.36741,24502,"['Economic', 'Negotiation']","['Auction\\/Bidding', 'Income', 'Player Elimination', 'Roll \\/ Spin and Move', 'Set Collection', 'Trading']"

BANG!,3955,2002,4,7,20,40,10,6.52129,24033,"['American West', 'Bluffing', 'Card Game', 'Deduction', 'Fighting']","['Hand Management', 'Hidden Roles', 'Player Elimination', 'Take That', 'Team-Based Game', 'Variable Player Powers']"

Shadows over Camelot,15062,2005,3,7,60,80,10,7.1275,24012,"['Adventure', 'Bluffing', 'Deduction', 'Fantasy', 'Medieval', 'Mythology']","['Cooperative Game', 'Dice Rolling', 'Hand Management', 'Player Elimination', 'Set Collection', 'Team-Based Game']"

Le Havre,35677,2008,1,5,30,150,12,7.88534,23884,"['City Building', 'Economic', 'Industry \\/ Manufacturing', 'Nautical']","['Automatic Resource Growth', 'End Game Bonuses', 'Increase Value of Unchosen Resources', 'Loans', 'Ownership', 'Worker Placement']"

Scrabble,320,1948,2,4,90,90,10,6.28212,23762,['Word Game'],"['Hand Management', 'Square Grid', 'Tile Placement']"

The Resistance: Avalon,128882,2012,5,10,30,30,13,7.60964,23745,"['Bluffing', 'Card Game', 'Deduction', 'Fantasy', 'Medieval', 'Negotiation']","['Hidden Roles', 'Memory', 'Simultaneous Action Selection', 'Team-Based Game', 'Traitor Game', 'Variable Player Powers']"

Tigris &amp; Euphrates,42,1997,2,4,90,90,12,7.70368,23672,"['Ancient', 'Civilization', 'Territory Building']","['Area Majority \\/ Influence', 'Hand Management', 'Highest-Lowest Scoring', 'Set Collection', 'Tile Placement']"

Memoir &#039;44,10630,2004,2,8,30,60,8,7.55564,23402,"['Miniatures', 'Wargame', 'World War II']","['Area Majority \\/ Influence', 'Campaign \\/ Battle Card Driven', 'Command Cards', 'Dice Rolling', 'Grid Movement', 'Hand Management']"

Kingdomino,204583,2016,2,4,15,20,8,7.36817,22775,"['City Building', 'Fantasy', 'Medieval', 'Territory Building']","['Card Drafting', 'Pattern Building', 'Tile Placement']"

Roll for the Galaxy,132531,2014,2,5,45,45,13,7.71086,22555,"['Civilization', 'Dice', 'Economic', 'Science Fiction', 'Space Exploration']","['Deck, Bag, and Pool Building', 'Dice Rolling', 'Simultaneous Action Selection', 'Variable Phase Order', 'Variable Player Powers']"

Machi Koro,143884,2012,2,4,30,30,10,6.64728,22390,"['Card Game', 'City Building', 'Dice']","['Card Drafting', 'Dice Rolling']"

Saboteur,9220,2004,3,10,30,30,8,6.59568,22176,"['Bluffing', 'Card Game', 'Exploration', 'Fantasy', 'Party Game']","['Hand Management', 'Network and Route Building', 'Take That', 'Team-Based Game', 'Traitor Game']"

Forbidden Desert,136063,2013,2,5,45,45,10,7.18566,22071,"['Adventure', 'Fantasy', 'Science Fiction']","['Action Points', 'Cooperative Game', 'Grid Movement', 'Hand Management', 'Modular Board', 'Pick-up and Deliver']"

Great Western Trail,193738,2016,2,4,75,150,12,8.28956,21921,"['American West', 'Animals']","['Deck, Bag, and Pool Building', 'Hand Management', 'Point to Point Movement', 'Set Collection', 'Variable Setup']"

Concordia,124361,2013,2,5,100,100,13,8.10505,21898,"['Ancient', 'Economic', 'Nautical']","['Action Retrieval', 'Advantage Token', 'Drafting', 'Point to Point Movement']"

El Grande,93,1995,2,5,60,120,12,7.76883,21858,"['Medieval', 'Renaissance']","['Area Majority \\/ Influence', 'Area Movement', 'Auction\\/Bidding', 'Card Drafting', 'Hand Management', 'Memory']"

RoboRally,18,1994,2,8,45,120,12,7.09619,21534,"['Maze', 'Miniatures', 'Racing', 'Science Fiction']","['Action Queue', 'Grid Movement', 'Modular Board', 'Race', 'Simultaneous Action Selection']"

Istanbul,148949,2014,2,5,40,60,10,7.59759,21459,['Economic'],"['Dice Rolling', 'Grid Movement', 'Modular Board', 'Pick-up and Deliver']"

Star Wars: X-Wing Miniatures Game,103885,2012,2,2,30,45,14,7.73592,21385,"['Aviation \\/ Flight', 'Bluffing', 'Collectible Components', 'Miniatures', 'Movies \\/ TV \\/ Radio theme', 'Science Fiction']","['Action Queue', 'Critical Hits and Failures', 'Dice Rolling', 'Movement Template', 'Player Elimination', 'Simultaneous Action Selection']"

Smash Up,122522,2012,2,4,45,45,12,6.78919,21258,"['Card Game', 'Fantasy', 'Humor', 'Pirates', 'Science Fiction', 'Zombies']","['Area Majority \\/ Influence', 'Hand Management', 'Take That', 'Variable Player Powers']"

San Juan,8217,2004,2,4,45,60,10,7.27013,21120,"['Card Game', 'City Building', 'Economic']","['Hand Management', 'Set Collection', 'Variable Phase Order']"

Tsuro,16992,2004,2,8,15,15,8,6.67479,20771,"['Abstract Strategy', 'Fantasy']","['Hand Management', 'Network and Route Building', 'Player Elimination', 'Tile Placement']"

For Sale,172,1997,3,6,30,30,10,7.21995,20638,"['Card Game', 'Economic']","['Auction\\/Bidding', 'Auction: Sealed Bid', 'Hand Management']"

Blokus,2453,2000,2,4,20,20,5,6.90077,20583,"['Abstract Strategy', 'Territory Building']","['Enclosure', 'Grid Coverage', 'Hand Management', 'Tile Placement']"

T.I.M.E Stories,146508,2015,2,4,90,90,12,7.7018,20332,"['Adventure', 'Mature \\/ Adult', 'Puzzle', 'Science Fiction']","['Cooperative Game', 'Dice Rolling', 'Storytelling', 'Variable Player Powers']"

Cards Against Humanity,50381,2009,4,30,30,30,17,5.99956,20285,"['Card Game', 'Humor', 'Mature \\/ Adult', 'Party Game', 'Print & Play']","['Hand Management', 'Player Judge', 'Simultaneous Action Selection']"

Colt Express,158899,2014,2,6,30,40,10,7.15715,20270,"['American West', 'Fighting', 'Trains']","['Action Queue', 'Hand Management', 'Memory', 'Modular Board', 'Programmed Movement', 'Simultaneous Action Selection']"

Descent: Journeys in the Dark (Second Edition),104162,2012,2,5,120,120,14,7.71884,20253,"['Adventure', 'Exploration', 'Fantasy', 'Fighting', 'Miniatures']","['Action Points', 'Dice Rolling', 'Grid Movement', 'Hand Management', 'Modular Board', 'Team-Based Game']"

Viticulture Essential Edition,183394,2015,1,6,45,90,13,8.12283,20241,"['Economic', 'Farming']","['Contracts', 'Hand Management', 'Turn Order: Auction', 'Worker Placement', 'Worker Placement, Different Worker Types']"

Elder Sign,100423,2011,1,8,90,90,13,6.99702,20152,"['Adventure', 'Card Game', 'Dice', 'Fantasy', 'Fighting', 'Horror']","['Cooperative Game', 'Dice Rolling', 'Modular Board', 'Solo \\/ Solitaire Game', 'Variable Player Powers']"

Santorini,194655,2016,2,4,20,20,8,7.59253,20047,"['Abstract Strategy', 'Ancient', 'Mythology']","['Grid Movement', 'Square Grid', 'Three Dimensional Movement', 'Tile Placement', 'Variable Player Powers']"

Clank!: A Deck-Building Adventure,201808,2016,2,4,30,60,12,7.80969,19911,"['Adventure', 'Fantasy']","['Card Drafting', 'Deck, Bag, and Pool Building', 'Drafting', 'Pick-up and Deliver', 'Player Elimination', 'Point to Point Movement']"

Arkham Horror: The Card Game,205637,2016,1,2,60,120,14,8.20358,19885,"['Adventure', 'Card Game', 'Collectible Components', 'Fantasy', 'Horror', 'Novel-based']","['Action Points', 'Cooperative Game', 'Deck, Bag, and Pool Building', 'Hand Management', 'Role Playing', 'Solo \\/ Solitaire Game']"

Camel Up,153938,2014,2,8,20,30,8,7.06138,19861,"['Animals', 'Dice', 'Racing']","['Betting and Bluffing', 'Dice Rolling', 'Roll \\/ Spin and Move']"

Castles of Mad King Ludwig,155426,2014,1,4,90,90,13,7.6052,19770,"['Post-Napoleonic', 'Puzzle']","['Auction\\/Bidding', 'Card Drafting', 'Pattern Building', 'Set Collection', 'Tile Placement']"

Suburbia,123260,2012,1,4,90,90,8,7.55243,19629,"['City Building', 'Economic']","['Card Drafting', 'Set Collection', 'Tile Placement']"

The Lord of the Rings: The Card Game,77423,2011,1,2,30,60,13,7.63489,18794,"['Adventure', 'Card Game', 'Fantasy', 'Novel-based']","['Cooperative Game', 'Hand Management', 'Solo \\/ Solitaire Game', 'Variable Player Powers']"

Flash Point: Fire Rescue,100901,2011,2,6,45,45,10,7.22595,18788,['Adventure'],"['Action Points', 'Cooperative Game', 'Dice Rolling', 'Grid Movement', 'Pick-up and Deliver', 'Simulation']"

Mansions of Madness: Second Edition,205059,2016,1,5,120,180,14,8.13128,18657,"['Adventure', 'Exploration', 'Fantasy', 'Fighting', 'Horror', 'Miniatures']","['Area Movement', 'Cooperative Game', 'Dice Rolling', 'Hand Management', 'Modular Board', 'Role Playing']"

Imperial Settlers,154203,2014,1,4,45,90,10,7.46141,18470,"['Ancient', 'Card Game', 'City Building', 'Civilization']","['Card Drafting', 'Contracts', 'Drafting', 'Hand Management', 'Take That', 'Variable Player Powers']"

Carcassonne: Expansion 1 – Inns &amp; Cathedrals,2993,2002,2,6,60,60,8,7.61527,18357,"['City Building', 'Expansion for Base-game', 'Medieval', 'Territory Building']","['Area Majority \\/ Influence', 'Tile Placement']"

Seasons,108745,2012,2,4,60,60,14,7.43534,18275,"['Card Game', 'Dice', 'Fantasy']","['Card Drafting', 'Dice Rolling', 'Hand Management', 'Take That']"

No Thanks!,12942,2004,3,7,20,20,8,7.04964,18203,['Card Game'],"['Auction\\/Bidding', 'Increase Value of Unchosen Resources', 'Push Your Luck', 'Set Collection']"

Guillotine,116,1998,2,5,30,30,12,6.53461,18184,"['Card Game', 'Humor', 'Napoleonic']","['Card Drafting', 'Hand Management', 'Take That']"

Star Wars: Rebellion,187645,2016,2,4,180,240,14,8.43019,18160,"['Fighting', 'Miniatures', 'Movies \\/ TV \\/ Radio theme', 'Science Fiction', 'Wargame']","['Area Majority \\/ Influence', 'Area Movement', 'Dice Rolling', 'Hand Management', 'Team-Based Game', 'Variable Player Powers']"

Village,104006,2011,2,4,60,90,12,7.53724,18122,"['Farming', 'Medieval']","['Action Drafting', 'Contracts', 'Set Collection', 'Worker Placement', 'Worker Placement, Different Worker Types']"

One Night Ultimate Werewolf,147949,2014,3,10,10,10,8,7.18992,18010,"['Bluffing', 'Card Game', 'Deduction', 'Horror', 'Party Game']","['Role Playing', 'Traitor Game', 'Variable Player Powers', 'Voting']"

Survive: Escape from Atlantis!,2653,1982,2,4,45,60,8,7.30581,18000,"['Adventure', 'Animals', 'Bluffing', 'Nautical']","['Action Points', 'Dice Rolling', 'Grid Movement', 'Memory', 'Modular Board', 'Secret Unit Deployment']"

"Hey, That&#039;s My Fish!",8203,2003,2,4,20,20,8,6.72485,17988,"['Abstract Strategy', 'Animals']","['Grid Movement', 'Map Deformation', 'Map Reduction', 'Modular Board']"

Ghost Stories,37046,2008,1,4,60,60,12,7.34661,17925,"['Fantasy', 'Fighting', 'Horror', 'Mythology']","['Cooperative Game', 'Dice Rolling', 'Grid Movement', 'Modular Board', 'Solo \\/ Solitaire Game', 'Variable Player Powers']"

Ra,12,1999,2,5,45,60,12,7.46877,17880,"['Ancient', 'Mythology']","['Auction\\/Bidding', 'Auction: Once Around', 'Constrained Bidding', 'Push Your Luck', 'Set Collection']"

UNO,2223,1971,2,10,30,30,6,5.36289,17725,"['Card Game', 'Comic Book \\/ Strip', 'Movies \\/ TV \\/ Radio theme', 'Number']","['Hand Management', 'Lose a Turn', 'Take That']"

Legendary: A Marvel Deck Building Game,129437,2012,1,5,45,45,14,7.59679,17709,"['Card Game', 'Comic Book \\/ Strip']","['Cooperative Game', 'Deck, Bag, and Pool Building', 'Solo \\/ Solitaire Game']"

Star Wars: Imperial Assault,164153,2014,2,5,60,120,14,8.05484,17611,"['Adventure', 'Fighting', 'Miniatures', 'Movies \\/ TV \\/ Radio theme', 'Science Fiction', 'Wargame']","['Dice Rolling', 'Grid Movement', 'Modular Board', 'Role Playing', 'Team-Based Game', 'Variable Player Powers']"

Sagrada,199561,2017,1,4,30,45,14,7.55551,17622,"['Dice', 'Puzzle']","['Card Drafting', 'Dice Rolling', 'Pattern Building', 'Set Collection']"

Twilight Imperium (Third Edition),12493,2005,3,6,180,240,14,7.85977,17537,"['Civilization', 'Negotiation', 'Political', 'Science Fiction', 'Space Exploration', 'Wargame']","['Action Points', 'Area-Impulse', 'Dice Rolling', 'Follow', 'Hexagon Grid', 'Increase Value of Unchosen Resources']"

Kingsburg,27162,2007,2,5,90,90,13,7.20879,17514,"['City Building', 'Dice', 'Fantasy', 'Medieval']","['Dice Rolling', 'Worker Placement with Dice Workers']"

Through the Ages: A New Story of Civilization,182028,2015,2,4,120,120,14,8.50909,17426,"['Card Game', 'Civilization', 'Economic']","['Action Points', 'Auction\\/Bidding', 'Auction: Dutch', 'Card Drafting']"

Orléans,164928,2014,2,4,90,90,12,8.08116,17374,"['Medieval', 'Religious', 'Travel']","['Deck, Bag, and Pool Building', 'Point to Point Movement', 'Turn Order: Progressive', 'Worker Placement']"

Kingdom Builder,107529,2011,2,4,45,45,8,6.97684,17301,"['Medieval', 'Territory Building']","['Area Majority \\/ Influence', 'Enclosure', 'Hexagon Grid', 'Modular Board', 'Network and Route Building']"

Acquire,5,1964,2,6,90,90,12,7.34733,17287,['Economic'],"['Hand Management', 'Investment', 'Market', 'Ownership', 'Stock Holding', 'Tile Placement']"

Through the Ages: A Story of Civilization,25613,2006,2,4,120,120,12,7.98099,17152,"['Civilization', 'Economic']","['Action Points', 'Auction\\/Bidding', 'Auction: Dutch', 'Card Drafting', 'Hand Management']"

Tokaido,123540,2012,2,5,45,45,8,7.03165,17136,['Travel'],"['Point to Point Movement', 'Set Collection', 'Time Track', 'Variable Player Powers']"

Thurn and Taxis,21790,2006,2,4,60,60,13,7.10744,16976,"['Renaissance', 'Transportation']","['Card Drafting', 'Hand Management', 'Network and Route Building', 'Set Collection']"

BANG! The Dice Game,143741,2013,3,8,15,15,8,6.98302,16915,"['American West', 'Bluffing', 'Deduction', 'Dice', 'Fighting', 'Party Game']","['Dice Rolling', 'Player Elimination', 'Push Your Luck', 'Team-Based Game', 'Variable Player Powers']"

Isle of Skye: From Chieftain to King,176494,2015,2,5,30,50,8,7.45172,16817,"['Economic', 'Territory Building']","['Auction\\/Bidding', 'Catch the Leader', 'Set Collection', 'Tile Placement']"

Keyflower,122515,2012,2,6,90,120,12,7.84044,16663,"['City Building', 'Economic', 'Nautical', 'Renaissance', 'Territory Building', 'Transportation']","['Auction\\/Bidding', 'Memory', 'Modular Board', 'Network and Route Building', 'Pick-up and Deliver', 'Set Collection']"

The Voyages of Marco Polo,171623,2015,2,4,40,100,12,7.93372,16655,"['Dice', 'Economic', 'Medieval', 'Travel']","['Card Drafting', 'Contracts', 'Dice Rolling', 'Point to Point Movement', 'Set Collection', 'Variable Player Powers']"

Tikal,54,1999,2,4,90,90,10,7.34205,16609,"['Exploration', 'Territory Building']","['Action Points', 'Area Majority \\/ Influence', 'Auction\\/Bidding', 'Grid Movement', 'Hexagon Grid', 'Map Addition']"

Apples to Apples,74,1999,4,10,30,30,12,5.84479,16592,"['Card Game', 'Humor', 'Party Game']","['Hand Management', 'Player Judge', 'Simultaneous Action Selection']"

6 nimmt!,432,1994,2,10,45,45,8,6.89503,16591,['Card Game'],"['Hand Management', 'Kill Steal', 'Simultaneous Action Selection']"

Coloretto,5782,2003,2,5,30,30,8,6.96817,16400,"['Animals', 'Card Game']","['Card Drafting', 'Push Your Luck', 'Set Collection']"

Dominant Species,62219,2010,2,6,120,240,14,7.85101,16312,"['Animals', 'Environmental', 'Prehistoric']","['Area Majority \\/ Influence', 'Card Drafting', 'Grid Movement', 'Modular Board', 'Take That', 'Tile Placement']"

Brass: Lancashire,28720,2007,2,4,60,120,14,8.13976,16088,"['Economic', 'Industry \\/ Manufacturing', 'Transportation']","['Hand Management', 'Income', 'Loans', 'Network and Route Building']"

Spyfall,166384,2014,3,8,15,15,13,6.95976,16060,"['Bluffing', 'Deduction', 'Humor', 'Party Game', 'Spies\\/Secret Agents']","['Acting', 'Memory', 'Role Playing', 'Traitor Game', 'Voting']"

Cyclades,54998,2009,2,5,60,90,13,7.52511,16051,"['Ancient', 'City Building', 'Civilization', 'Fighting', 'Miniatures', 'Mythology']","['Area Majority \\/ Influence', 'Area Movement', 'Auction\\/Bidding', 'Card Drafting', 'Dice Rolling', 'Set Collection']"

Troyes,73439,2010,2,4,90,90,12,7.76635,15958,"['Dice', 'Economic', 'Medieval']","['Area Majority \\/ Influence', 'Dice Rolling', 'Worker Placement']"

Wingspan,266192,2019,1,5,40,70,10,8.08825,15958,"['Animals', 'Card Game', 'Economic', 'Educational']","['Card Drafting', 'Dice Rolling', 'Drafting', 'Hand Management', 'Set Collection', 'Solo \\/ Solitaire Game']"

Sushi Go Party!,192291,2016,2,8,20,20,8,7.50035,15717,"['Card Game', 'Party Game']","['Card Drafting', 'Hand Management', 'Set Collection', 'Simultaneous Action Selection']"

Alchemists,161970,2014,2,4,120,120,13,7.694,15608,"['Deduction', 'Fantasy']","['Card Drafting', 'Constrained Bidding', 'End Game Bonuses', 'Events', 'Hand Management', 'Turn Order: Auction']"

Clue,1294,1949,3,6,45,45,8,5.6592,15603,"['Bluffing', 'Deduction', 'Movies \\/ TV \\/ Radio theme', 'Murder\\/Mystery']","['Grid Movement', 'Memory', 'Roll \\/ Spin and Move']"

Catan: Cities &amp; Knights,926,1998,3,4,90,90,12,7.4599,15589,"['Expansion for Base-game', 'Medieval', 'Negotiation']","['Dice Rolling', 'Hand Management', 'Memory', 'Modular Board', 'Network and Route Building', 'Trading']"

Formula D,37904,2008,2,10,60,60,8,7.03429,15572,"['Racing', 'Sports']","['Dice Rolling', 'Different Dice Movement', 'Grid Movement', 'Player Elimination', 'Push Your Luck', 'Race']"

Exploding Kittens,172225,2015,2,5,15,15,7,5.97191,15513,"['Animals', 'Card Game', 'Comic Book \\/ Strip', 'Humor']","['Hand Management', 'Player Elimination', 'Push Your Luck', 'Set Collection', 'Take That']"

The Pillars of the Earth,24480,2006,2,4,90,120,12,7.3021,15335,"['Economic', 'Medieval', 'Novel-based', 'Religious']","['Events', 'Worker Placement', 'Worker Placement, Different Worker Types']"

Diamant,15512,2005,3,8,30,30,8,6.8258,15177,"['Adventure', 'Bluffing', 'Exploration']","['Move Through Deck', 'Push Your Luck', 'Simultaneous Action Selection']"

Mice and Mystics,124708,2012,1,4,60,90,7,7.35443,14916,"['Adventure', 'Exploration', 'Fantasy', 'Fighting', 'Miniatures']","['Area Movement', 'Cooperative Game', 'Dice Rolling', 'Role Playing', 'Storytelling', 'Variable Player Powers']"

Zombie Dice,62871,2010,2,99,10,20,10,6.21738,14871,"['Dice', 'Horror', 'Humor', 'Party Game', 'Zombies']","['Dice Rolling', 'Push Your Luck', 'Re-rolling and Locking']"

Zombicide,113924,2012,1,6,60,60,14,7.19631,14860,"['Horror', 'Miniatures', 'Zombies']","['Action Points', 'Cooperative Game', 'Dice Rolling', 'Grid Movement', 'Hand Management', 'Modular Board']"

Modern Art,118,1992,3,5,45,45,10,7.37806,14859,"['Card Game', 'Economic']","['Auction\\/Bidding', 'Auction: English', 'Auction: Once Around', 'Auction: Sealed Bid', 'Auction: Turn Order Until Pass', 'Commodity Speculation']"

Pandemic: On the Brink,40849,2009,2,5,45,45,8,8.08016,14847,"['Environmental', 'Expansion for Base-game', 'Medical', 'Science Fiction']","['Action Points', 'Cooperative Game', 'Hand Management', 'Point to Point Movement', 'Secret Unit Deployment', 'Set Collection']"

Catan: Seafarers,325,1997,3,4,90,90,10,7.15646,14774,"['Civilization', 'Expansion for Base-game', 'Exploration', 'Nautical', 'Negotiation']","['Dice Rolling', 'Hand Management', 'Memory', 'Modular Board', 'Network and Route Building', 'Trading']"

Ingenious,9674,2004,1,4,45,45,10,7.13618,14704,['Abstract Strategy'],"['Hand Management', 'Pattern Building', 'Team-Based Game', 'Tile Placement']"

Fluxx,258,1997,2,6,5,30,8,5.68255,14687,['Card Game'],"['Hand Management', 'Set Collection']"

Battle Line,760,2000,2,2,30,30,12,7.41716,14501,"['Ancient', 'Card Game', 'Deduction']","['Hand Management', 'Set Collection']"

Jamaica,28023,2007,2,6,30,60,8,7.05566,14426,"['Nautical', 'Pirates', 'Racing', 'Transportation']","['Dice Rolling', 'Hand Management', 'Race', 'Simultaneous Action Selection']"

Carcassonne: Expansion 2 – Traders &amp; Builders,5405,2003,2,6,60,60,13,7.60424,14390,"['City Building', 'Expansion for Base-game', 'Medieval', 'Territory Building']","['Area Majority \\/ Influence', 'Set Collection', 'Tile Placement']"

Escape: The Curse of the Temple,113294,2012,1,5,10,10,8,7.02223,14390,"['Adventure', 'Dice', 'Electronic', 'Exploration', 'Real-time']","['Cooperative Game', 'Dice Rolling', 'Elapsed Real Time Ending', 'Grid Movement', 'Modular Board', 'Push Your Luck']"

Spirit Island,162886,2017,1,4,90,120,13,8.33483,14405,"['Age of Reason', 'Environmental', 'Fantasy', 'Fighting', 'Mythology', 'Territory Building']","['Area Majority \\/ Influence', 'Cooperative Game', 'Hand Management', 'Modular Board', 'Simultaneous Action Selection', 'Solo \\/ Solitaire Game']"

Sherlock Holmes Consulting Detective: The Thames Murders &amp; Other Cases,2511,1981,1,8,60,120,13,7.78883,14304,"['Deduction', 'Murder\\/Mystery', 'Novel-based', 'Post-Napoleonic', 'Spies\\/Secret Agents']","['Cooperative Game', 'Solo \\/ Solitaire Game', 'Storytelling']"

Century: Spice Road,209685,2017,2,5,30,45,8,7.37297,14272,"['Card Game', 'Economic', 'Medieval']","['Action Retrieval', 'Card Drafting', 'Contracts', 'Deck, Bag, and Pool Building', 'Hand Management', 'Increase Value of Unchosen Resources']"

The Princes of Florence,555,2000,2,5,75,100,12,7.5443,14196,"['City Building', 'Renaissance']","['Auction\\/Bidding', 'Grid Coverage', 'Tile Placement']"

Dixit: Odyssey,92828,2011,3,12,30,30,8,7.47693,14142,"['Card Game', 'Humor', 'Party Game']","['Simultaneous Action Selection', 'Storytelling', 'Team-Based Game', 'Voting']"

Qwirkle,25669,2006,2,4,45,45,6,6.79159,14083,['Abstract Strategy'],"['Hand Management', 'Pattern Building', 'Tile Placement']"

Kemet,127023,2012,2,5,90,120,13,7.73454,14071,"['Ancient', 'Fighting', 'Miniatures', 'Mythology']","['Action Points', 'Area Majority \\/ Influence', 'Area Movement', 'Card Drafting', 'Hand Management']"

Friday,43570,2011,1,1,25,25,13,7.18202,13978,"['Adventure', 'Card Game', 'Fighting', 'Novel-based', 'Pirates']","['Deck, Bag, and Pool Building', 'Hand Management', 'Solo \\/ Solitaire Game']"

Mr. Jack,21763,2006,2,2,30,30,9,7.03674,13946,"['Deduction', 'Murder\\/Mystery']","['Grid Movement', 'Variable Player Powers']"

Space Alert,38453,2008,1,5,30,30,12,7.46096,13937,"['Electronic', 'Real-time', 'Science Fiction', 'Space Exploration']","['Action Queue', 'Area Movement', 'Cooperative Game', 'Elapsed Real Time Ending', 'Hand Management', 'Simultaneous Action Selection']"

Zombies!!!,2471,2001,2,6,60,90,15,5.82135,13825,"['Exploration', 'Fighting', 'Horror', 'Miniatures', 'Movies \\/ TV \\/ Radio theme', 'Zombies']","['Dice Rolling', 'Grid Movement', 'Hand Management', 'Modular Board', 'Roll \\/ Spin and Move']"

Samurai,3,1998,2,4,30,60,10,7.44119,13764,"['Abstract Strategy', 'Medieval']","['Area Majority \\/ Influence', 'Hand Management', 'Set Collection', 'Tile Placement']"

Codenames: Pictures,198773,2016,2,8,15,15,10,7.31654,13755,"['Card Game', 'Deduction', 'Party Game', 'Spies\\/Secret Agents']","['Communication Limits', 'Memory', 'Push Your Luck', 'Team-Based Game']"

Sentinels of the Multiverse,102652,2011,2,5,30,60,8,7.2601,13685,"['Card Game', 'Comic Book \\/ Strip', 'Fighting']","['Cooperative Game', 'Hand Management', 'Solo \\/ Solitaire Game', 'Variable Player Powers']"

Saint Petersburg,9217,2004,2,4,45,60,10,7.3142,13625,"['Age of Reason', 'Card Game', 'Economic']","['Card Drafting', 'Set Collection']"

Sid Meier&#039;s Civilization: The Board Game,77130,2010,2,4,120,240,13,7.44328,13578,"['City Building', 'Civilization', 'Exploration', 'Negotiation', 'Video Game Theme']","['Card Drafting', 'Deck, Bag, and Pool Building', 'Grid Movement', 'Hand Management', 'Modular Board', 'Rock-Paper-Scissors']"

Catan: 5-6 Player Extension,2807,1996,5,6,120,120,10,6.98691,13544,"['Expansion for Base-game', 'Negotiation']","['Dice Rolling', 'Hand Management', 'Memory', 'Modular Board', 'Network and Route Building', 'Trading']"

Dominion: Seaside,51811,2009,2,4,30,30,13,8.05587,13523,"['Card Game', 'Expansion for Base-game', 'Medieval', 'Nautical']","['Card Drafting', 'Deck, Bag, and Pool Building', 'Hand Management']"

Biblios,34219,2007,2,4,30,30,10,7.20452,13519,"['Card Game', 'Medieval', 'Religious']","['Auction\\/Bidding', 'Card Drafting', 'Hand Management', 'Push Your Luck', 'Set Collection']"

Chaos in the Old World,43111,2009,3,4,60,120,13,7.67415,13502,"['Fantasy', 'Fighting', 'Horror', 'Mythology', 'Wargame']","['Action Points', 'Area Majority \\/ Influence', 'Area Movement', 'Dice Rolling', 'Hand Management', 'Role Playing']"

Lord of the Rings,823,2000,2,5,60,90,12,6.75537,13371,"['Adventure', 'Fantasy', 'Novel-based']","['Cooperative Game', 'Dice Rolling', 'Hand Management', 'Set Collection', 'Variable Player Powers']"

Alien Frontiers,48726,2010,2,4,90,90,13,7.44284,13368,"['Dice', 'Science Fiction']","['Area Majority \\/ Influence', 'Card Drafting', 'Dice Rolling', 'Worker Placement with Dice Workers']"

Innovation,63888,2010,2,4,45,60,12,7.2368,13370,"['Card Game', 'Civilization']","['Hand Management', 'Melding and Splaying', 'Variable Phase Order']"

Zooloretto,27588,2007,2,5,45,45,8,6.84806,13184,['Animals'],"['Set Collection', 'Tile Placement']"

Trajan,102680,2011,2,4,60,120,12,7.77535,13186,"['Ancient', 'Political']","['Area Movement', 'Card Drafting', 'Hand Management', 'Mancala', 'Rondel', 'Set Collection']"

Last Night on Earth: The Zombie Game,29368,2007,2,6,60,90,12,6.96251,13168,"['Fighting', 'Horror', 'Miniatures', 'Zombies']","['Dice Rolling', 'Hand Management', 'Modular Board', 'Roll \\/ Spin and Move', 'Team-Based Game', 'Variable Player Powers']"

Captain Sonar,171131,2016,2,8,45,60,14,7.61543,13143,"['Deduction', 'Fighting', 'Nautical', 'Real-time']","['Grid Movement', 'Hidden Movement', 'Line Drawing', 'Real-Time', 'Role Playing', 'Secret Unit Deployment']"

Castle Panic,43443,2009,1,6,60,60,10,6.66717,13103,"['Fantasy', 'Fighting', 'Medieval']","['Campaign \\/ Battle Card Driven', 'Cooperative Game', 'Dice Rolling', 'Hand Management', 'Semi-Cooperative Game', 'Solo \\/ Solitaire Game']"

Secret Hitler,188834,2016,5,10,45,45,13,7.58082,13085,"['Bluffing', 'Card Game', 'Deduction', 'Humor', 'Party Game', 'Political']","['Hidden Roles', 'Player Elimination', 'Team-Based Game', 'Traitor Game', 'Voting']"

Concept,147151,2013,4,12,40,40,10,6.86859,12852,"['Deduction', 'Party Game']","['Communication Limits', 'Team-Based Game']"

Scotland Yard,438,1983,3,6,45,45,10,6.50421,12807,"['Deduction', 'Travel']","['Hidden Movement', 'Point to Point Movement', 'Secret Unit Deployment', 'Team-Based Game']"

Russian Railroads,144733,2013,2,4,90,120,12,7.79081,12809,"['Industry \\/ Manufacturing', 'Trains']",['Worker Placement']

A Feast for Odin,177736,2016,1,4,30,120,12,8.17948,12774,"['Economic', 'Industry \\/ Manufacturing', 'Medieval', 'Puzzle']","['Automatic Resource Growth', 'Income', 'Push Your Luck', 'Tile Placement', 'Turn Order: Pass Order', 'Worker Placement']"

Tiny Epic Galaxies,163967,2015,1,5,30,45,14,7.39097,12689,"['Dice', 'Science Fiction', 'Space Exploration']","['Area Majority \\/ Influence', 'Dice Rolling', 'Variable Player Powers']"

Quarriors!,91536,2011,2,4,30,30,14,6.77412,12646,"['Dice', 'Fantasy', 'Fighting']","['Card Drafting', 'Deck, Bag, and Pool Building', 'Dice Rolling']"

King of New York,160499,2014,2,6,40,40,10,7.00809,12493,"['Dice', 'Fighting', 'Movies \\/ TV \\/ Radio theme', 'Science Fiction']","['Area Movement', 'Card Drafting', 'Dice Rolling', 'King of the Hill', 'Player Elimination', 'Push Your Luck']"

Stratego,1917,1946,2,2,45,45,8,6.0777,12458,"['Abstract Strategy', 'Bluffing', 'Deduction', 'Fighting', 'Memory', 'Napoleonic']","['Grid Movement', 'Memory', 'Secret Unit Deployment']"

Deception: Murder in Hong Kong,156129,2014,4,12,20,20,14,7.51866,12440,"['Bluffing', 'Deduction', 'Murder\\/Mystery', 'Party Game']","['Storytelling', 'Team-Based Game', 'Traitor Game']"

Legends of Andor,127398,2012,2,4,60,90,10,7.22791,12420,"['Adventure', 'Fantasy', 'Fighting', 'Puzzle']","['Area Movement', 'Cooperative Game', 'Dice Rolling', 'Variable Player Powers']"

Dominion: Prosperity,66690,2010,2,4,30,30,13,8.27082,12413,"['Card Game', 'Expansion for Base-game', 'Medieval']","['Card Drafting', 'Deck, Bag, and Pool Building', 'Hand Management']"

Gloom,12692,2005,2,4,60,60,13,6.35566,12395,"['Card Game', 'Horror', 'Humor']","['Hand Management', 'Storytelling', 'Take That']"

Catan Card Game,278,1996,2,2,90,90,10,6.73763,12358,"['Card Game', 'City Building', 'Territory Building']","['Card Drafting', 'Dice Rolling', 'Hand Management', 'Trading']"

7 Wonders: Leaders,92539,2011,2,7,40,40,13,7.83042,12354,"['Ancient', 'Card Game', 'City Building', 'Civilization', 'Expansion for Base-game']","['Card Drafting', 'Hand Management', 'Set Collection', 'Simultaneous Action Selection', 'Variable Player Powers']"

Tichu,215,1991,4,4,60,60,10,7.58438,12352,['Card Game'],"['Betting and Bluffing', 'Hand Management', 'Ladder Climbing', 'Team-Based Game', 'Trick-taking']"

Glory to Rome,19857,2005,2,5,60,60,12,7.48495,12333,"['Ancient', 'Card Game', 'City Building', 'Economic']","['Follow', 'Hand Management', 'Set Collection', 'Variable Phase Order']"

Dungeon Lords,45315,2009,2,4,90,90,12,7.40962,12288,"['Economic', 'Fantasy', 'Fighting', 'Humor']","['Action Queue', 'Hand Management', 'Simultaneous Action Selection', 'Tile Placement', 'Worker Placement']"

Neuroshima Hex! 3.0,21241,2006,1,4,30,30,13,7.41344,12267,"['Fighting', 'Science Fiction']","['Hand Management', 'Hexagon Grid', 'Player Elimination', 'Tile Placement', 'Variable Player Powers']"

Letters from Whitechapel,59959,2011,2,6,60,60,14,7.42677,12266,"['Bluffing', 'Deduction', 'Murder\\/Mystery', 'Post-Napoleonic']","['Hidden Movement', 'Memory', 'Point to Point Movement', 'Secret Unit Deployment', 'Team-Based Game']"

Wits &amp; Wagers,20100,2005,3,7,25,25,10,6.94373,12238,"['Bluffing', 'Party Game', 'Trivia']","['Betting and Bluffing', 'Paper-and-Pencil']"

Shogun,20551,2006,3,5,90,120,12,7.55159,12160,"['Economic', 'Medieval', 'Territory Building']","['Action Queue', 'Area Majority \\/ Influence', 'Area Movement', 'Auction\\/Bidding', 'Simultaneous Action Selection', 'Variable Phase Order']"

Mansions of Madness,83330,2011,2,5,120,180,13,7.31981,12155,"['Adventure', 'Exploration', 'Fantasy', 'Fighting', 'Horror', 'Miniatures']","['Area Movement', 'Dice Rolling', 'Hand Management', 'Modular Board', 'Pick-up and Deliver', 'Role Playing']"

Rising Sun,205896,2018,3,5,90,120,14,7.95707,12155,"['Bluffing', 'Fantasy', 'Miniatures', 'Mythology', 'Negotiation', 'Wargame']","['Area Majority \\/ Influence', 'Area Movement', 'Set Collection', 'Simultaneous Action Selection', 'Take That', 'Variable Phase Order']"

Through the Desert,503,1998,2,5,45,45,10,7.05908,12031,"['Abstract Strategy', 'Animals', 'Arabian']","['Chaining', 'Enclosure', 'Network and Route Building']"

Root,237182,2018,2,4,60,90,10,8.08574,12006,"['Animals', 'Fantasy', 'Wargame']","['Action Queue', 'Action Retrieval', 'Area Majority \\/ Influence', 'Area Movement', 'Dice Rolling', 'Hand Management']"

Boss Monster: The Dungeon Building Card Game,131835,2013,2,4,30,30,13,6.30545,11997,"['Card Game', 'Fantasy', 'Video Game Theme']","['Hand Management', 'Player Elimination', 'Take That', 'Variable Player Powers']"

Photosynthesis,218603,2017,2,4,30,60,10,7.21286,11927,"['Abstract Strategy', 'Environmental']",['Action Points']

Mechs vs. Minions,209010,2016,2,4,60,90,14,8.10498,11908,"['Fantasy', 'Fighting', 'Miniatures', 'Video Game Theme']","['Action Queue', 'Card Drafting', 'Cooperative Game', 'Dice Rolling', 'Modular Board', 'Role Playing']"

The 7th Continent,180263,2017,1,4,5,1000,14,8.40492,11907,"['Adventure', 'Card Game', 'Exploration', 'Science Fiction']","['Cooperative Game', 'Grid Movement', 'Hand Management', 'Map Addition', 'Modular Board', 'Scenario \\/ Mission \\/ Campaign Game']"

Talisman (Revised 4th Edition),27627,2007,2,6,90,90,13,6.53235,11881,"['Adventure', 'Exploration', 'Fantasy', 'Fighting']","['Dice Rolling', 'Role Playing', 'Roll \\/ Spin and Move', 'Variable Player Powers']"

Magic Maze,209778,2017,1,8,15,15,8,7.14886,11827,"['Exploration', 'Fantasy', 'Maze', 'Real-time']","['Cooperative Game', 'Grid Movement', 'Modular Board', 'Variable Player Powers']"

Merchants &amp; Marauders,25292,2010,2,4,180,180,13,7.43349,11817,"['Adventure', 'Fighting', 'Nautical', 'Pirates', 'Transportation']","['Action Points', 'Area Movement', 'Dice Rolling', 'Pick-up and Deliver', 'Variable Player Powers']"

The Mind,244992,2018,2,4,15,15,8,7.00949,11615,"['Card Game', 'Number']",['Cooperative Game']

Notre Dame,25554,2007,2,5,45,75,10,7.3625,11522,"['Economic', 'Renaissance']","['Area Majority \\/ Influence', 'Card Drafting', 'Point to Point Movement']"

Evolution,155703,2014,2,6,60,60,12,7.18796,11497,"['Animals', 'Card Game', 'Educational', 'Environmental', 'Fighting', 'Prehistoric']","['Action Points', 'Hand Management', 'Push Your Luck', 'Secret Unit Deployment', 'Simulation', 'Simultaneous Action Selection']"

Space Hulk: Death Angel – The Card Game,71721,2010,1,6,30,60,13,6.99094,11485,"['Card Game', 'Fighting', 'Science Fiction']","['Action Queue', 'Cooperative Game', 'Dice Rolling', 'Hand Management', 'Solo \\/ Solitaire Game', 'Variable Player Powers']"

Perudo,45,1800,2,6,15,30,8,6.9171,11472,"['Bluffing', 'Dice', 'Movies \\/ TV \\/ Radio theme', 'Party Game']","['Betting and Bluffing', 'Dice Rolling', 'Player Elimination']"

Pathfinder Adventure Card Game: Rise of the Runelords – Base Set,133038,2013,1,4,90,90,13,7.25613,11428,"['Adventure', 'Card Game', 'Fantasy', 'Fighting']","['Cooperative Game', 'Deck, Bag, and Pool Building', 'Dice Rolling', 'Hand Management', 'Role Playing', 'Variable Player Powers']"

Onitama,160477,2014,2,2,15,20,8,7.45268,11411,"['Abstract Strategy', 'Ancient']","['Grid Movement', 'Hand Management']"

Lewis &amp; Clark,140620,2013,1,5,120,120,14,7.51179,11406,"['American West', 'Racing']","['Card Drafting', 'Deck, Bag, and Pool Building', 'Hand Management', 'Point to Point Movement', 'Worker Placement']"

Dungeon Petz,97207,2011,2,4,90,90,13,7.50381,11399,"['Animals', 'Fantasy', 'Humor']","['Auction\\/Bidding', 'Hand Management', 'Simultaneous Action Selection', 'Worker Placement']"

Diplomacy,483,1959,2,7,360,360,12,7.05503,11375,"['Bluffing', 'Negotiation', 'Political', 'Post-Napoleonic', 'Wargame']","['Area Majority \\/ Influence', 'Area Movement', 'Player Elimination', 'Simultaneous Action Selection']"

Libertalia,125618,2012,2,6,45,45,14,7.19256,11336,"['Card Game', 'Pirates']","['Hand Management', 'Set Collection', 'Simultaneous Action Selection', 'Variable Phase Order']"

Agricola: All Creatures Big and Small,119890,2012,2,2,30,30,13,7.41726,11313,"['Animals', 'Farming']","['Automatic Resource Growth', 'Enclosure', 'Tile Placement', 'Worker Placement']"

Gaia Project,220308,2017,1,4,60,150,12,8.52054,11182,"['Civilization', 'Economic', 'Science Fiction', 'Space Exploration', 'Territory Building']","['Area Majority \\/ Influence', 'Income', 'Modular Board', 'Network and Route Building', 'Turn Order: Pass Order', 'Variable Player Powers']"

Can&#039;t Stop,41,1980,2,4,30,30,9,6.84973,11144,['Dice'],"['Dice Rolling', 'Push Your Luck']"

Roll Through the Ages: The Bronze Age,37380,2008,1,4,30,45,8,6.89009,11034,"['Ancient', 'City Building', 'Civilization', 'Dice']","['Dice Rolling', 'Paper-and-Pencil', 'Solo \\/ Solitaire Game']"

Descent: Journeys in the Dark,17226,2005,2,5,120,240,13,7.31077,11001,"['Adventure', 'Exploration', 'Fantasy', 'Fighting', 'Miniatures']","['Dice Rolling', 'Grid Movement', 'Modular Board', 'Role Playing', 'Team-Based Game', 'Variable Player Powers']"

Ca$h &#039;n Guns (Second Edition),155362,2014,4,8,30,30,10,6.94172,10962,"['Bluffing', 'Fighting', 'Humor', 'Mafia', 'Negotiation', 'Party Game']","['Player Elimination', 'Simultaneous Action Selection', 'Take That', 'Variable Player Powers']"

Fresco,66188,2010,2,4,60,60,10,7.3054,10950,['Renaissance'],"['Action Queue', 'Grid Movement', 'Set Collection', 'Simultaneous Action Selection']"

Rummikub,811,1977,2,4,60,60,8,6.33651,10934,"['Abstract Strategy', 'Card Game', 'Number']",['Set Collection']

Skull,92415,2011,3,6,45,45,14,7.18931,10924,"['Bluffing', 'Card Game']","['Auction\\/Bidding', 'Hand Management', 'Player Elimination']"

Tales of the Arabian Nights,34119,2009,1,6,120,120,12,7.22091,10836,"['Adventure', 'Arabian', 'Book', 'Exploration', 'Fantasy', 'Travel']","['Dice Rolling', 'Point to Point Movement', 'Role Playing', 'Solo \\/ Solitaire Game', 'Storytelling', 'Variable Player Powers']"

Ascension: Deckbuilding Game,69789,2010,1,4,30,30,13,7.03109,10835,"['Card Game', 'Fantasy']","['Card Drafting', 'Deck, Bag, and Pool Building', 'Hand Management']"

Above and Below,172818,2015,2,4,90,90,13,7.48352,10835,"['Adventure', 'City Building', 'Economic', 'Exploration', 'Fantasy', 'Farming']","['Action Points', 'Card Drafting', 'Deck, Bag, and Pool Building', 'Dice Rolling', 'Narrative Choice \\/ Paragraph', 'Set Collection']"

Food Chain Magnate,175914,2015,2,5,120,240,14,8.18559,10826,"['Economic', 'Industry \\/ Manufacturing']","['Card Drafting', 'Deck, Bag, and Pool Building', 'Income', 'Market', 'Modular Board', 'Network and Route Building']"

War of the Ring (Second Edition),115746,2012,2,4,150,180,13,8.44081,10694,"['Adventure', 'Fantasy', 'Fighting', 'Miniatures', 'Novel-based', 'Territory Building']","['Action Drafting', 'Area Majority \\/ Influence', 'Area Movement', 'Campaign \\/ Battle Card Driven', 'Card Play Conflict Resolution', 'Dice Rolling']"

Goa,9216,2004,2,4,90,90,12,7.59824,10638,"['Economic', 'Farming', 'Nautical', 'Renaissance']","['Auction\\/Bidding', 'Hand Management', 'Push Your Luck']"

Raiders of the North Sea,170042,2015,2,4,60,80,12,7.8101,10611,"['Medieval', 'Nautical']","['Dice Rolling', 'Hand Management', 'Set Collection', 'Worker Placement', 'Worker Placement, Different Worker Types']"

Railways of the World,17133,2005,2,6,120,120,10,7.68831,10593,"['Trains', 'Transportation', 'Video Game Theme']","['Action Points', 'Auction\\/Bidding', 'Card Drafting', 'Network and Route Building', 'Pick-up and Deliver', 'Tile Placement']"

Telestrations,46213,2009,4,8,30,30,12,7.41113,10561,"['Humor', 'Party Game', 'Real-time']","['Line Drawing', 'Paper-and-Pencil']"

Hansa Teutonica,43015,2009,2,5,45,90,12,7.64192,10526,['Medieval'],"['Action Points', 'Area Majority \\/ Influence', 'End Game Bonuses', 'Network and Route Building', 'Ownership', 'Tech Trees \\/ Tech Tracks']"

The Grizzled,171668,2015,2,5,30,30,14,7.23986,10487,"['Card Game', 'World War I']","['Communication Limits', 'Cooperative Game', 'Hand Management', 'Push Your Luck', 'Variable Player Powers']"

Red7,161417,2014,2,4,5,30,9,6.95584,10473,"['Card Game', 'Number']","['Hand Management', 'Player Elimination', 'Set Collection']"

Clans of Caledonia,216132,2017,1,4,30,120,12,8.03538,10466,"['Economic', 'Farming']","['Commodity Speculation', 'Contracts', 'Market', 'Modular Board', 'Network and Route Building', 'Variable Player Powers']"

Zombicide: Black Plague,176189,2015,1,6,60,180,14,7.72144,10415,"['Adventure', 'Fantasy', 'Fighting', 'Horror', 'Medieval', 'Miniatures']","['Cooperative Game', 'Dice Rolling', 'Modular Board', 'Variable Player Powers']"

Carcassonne: Hunters and Gatherers,4390,2002,2,5,30,45,8,7.13588,10401,['Prehistoric'],"['Area Majority \\/ Influence', 'Tile Placement']"

Port Royal,156009,2014,2,5,20,50,8,7.14669,10339,"['Card Game', 'Nautical', 'Pirates']","['Card Drafting', 'Push Your Luck', 'Set Collection']"

Nations,126042,2013,1,5,40,200,14,7.66211,10304,"['Card Game', 'Civilization', 'Economic']","['Automatic Resource Growth', 'Card Drafting', 'Events', 'Turn Order: Pass Order', 'Variable Player Powers', 'Worker Placement']"

Dice Forge,194594,2017,2,4,45,45,10,7.32901,10267,"['Ancient', 'Dice', 'Fantasy', 'Mythology']","['Card Drafting', 'Deck, Bag, and Pool Building', 'Dice Rolling']"

Ticket to Ride: Nordic Countries,31627,2007,2,3,30,60,8,7.6387,10239,['Trains'],"['Card Drafting', 'Hand Management', 'Network and Route Building', 'Set Collection']"

Lords of Waterdeep: Scoundrels of Skullport,134342,2013,2,6,60,60,12,8.21892,10237,"['City Building', 'Expansion for Base-game', 'Fantasy']","['Card Drafting', 'Commodity Speculation', 'Set Collection', 'Worker Placement']"

Yahtzee,2243,1956,2,10,30,30,6,5.34089,10207,"[""Children's Game"", 'Comic Book \\/ Strip', 'Dice', 'Movies \\/ TV \\/ Radio theme', 'Music', 'Sports']","['Dice Rolling', 'Paper-and-Pencil', 'Push Your Luck', 'Re-rolling and Locking', 'Set Collection']"

Jungle Speed,8098,1997,2,8,10,10,7,6.52916,10152,"['Action \\/ Dexterity', 'Card Game', 'Party Game', 'Real-time']",['Pattern Recognition']

Spot it!,63268,2009,2,8,15,15,7,6.661,10097,"['Card Game', ""Children's Game"", 'Educational', 'Party Game', 'Real-time', 'Sports']",['Pattern Recognition']

Crokinole,521,1876,2,4,30,30,8,7.82151,10041,['Action \\/ Dexterity'],"['Flicking', 'Team-Based Game']"

Champions of Midgard,172287,2015,2,4,60,90,10,7.78143,9998,"['Adventure', 'Dice', 'Fantasy', 'Fighting', 'Medieval', 'Mythology']","['Card Drafting', 'Dice Rolling', 'Set Collection', 'Variable Player Powers', 'Worker Placement with Dice Workers']"

Welcome to the Dungeon,150312,2013,2,4,30,30,10,6.65017,9997,"['Bluffing', 'Card Game', 'Fantasy', 'Fighting']","['Memory', 'Player Elimination', 'Push Your Luck']"

In the Year of the Dragon,31594,2007,2,5,75,100,12,7.38038,9985,"['Economic', 'Medieval']","['Events', 'Hand Management', 'Variable Phase Order']"

HeroQuest,699,1989,2,5,90,90,10,7.11214,9984,"['Adventure', 'Exploration', 'Fantasy', 'Fighting', 'Miniatures']","['Dice Rolling', 'Die Icon Resolution', 'Grid Movement', 'Modular Board', 'Role Playing', 'Roll \\/ Spin and Move']"

Targi,118048,2012,2,2,60,60,12,7.61628,9970,"['Arabian', 'Card Game']","['Modular Board', 'Set Collection', 'Turn Order: Progressive', 'Worker Placement']"

Jenga,2452,1983,1,8,20,20,6,5.5916,9926,"['Action \\/ Dexterity', 'Party Game']",['Stacking and Balancing']

Summoner Wars: Master Set,93260,2011,2,4,30,60,9,7.54357,9883,"['Card Game', 'Fantasy', 'Fighting']","['Dice Rolling', 'Grid Movement', 'Hand Management', 'Variable Player Powers']"

A Game of Thrones (First Edition),6472,2003,3,5,180,180,12,7.24009,9880,"['Bluffing', 'Fantasy', 'Negotiation', 'Novel-based', 'Political', 'Wargame']","['Area Movement', 'Auction\\/Bidding', 'Events', 'Hand Management', 'Memory', 'Order Counters']"

Potion Explosion,180974,2015,2,4,30,45,8,7.18119,9844,"['Fantasy', 'Puzzle']","['Pattern Recognition', 'Set Collection', 'Take That']"

SET,1198,1988,2,20,30,30,6,6.49091,9809,"['Card Game', 'Puzzle', 'Real-time']","['Pattern Recognition', 'Set Collection']"

Axis &amp; Allies,98,1981,2,5,180,180,12,6.56002,9796,"['Economic', 'Wargame', 'World War II']","['Area Movement', 'Dice Rolling', 'Minimap Resolution', 'Stat Check Resolution', 'Team-Based Game']"

Tobago,42215,2009,2,4,60,60,10,7.12528,9745,"['Adventure', 'Deduction', 'Exploration']","['Grid Movement', 'Hand Management', 'Modular Board', 'Push Your Luck']"

Thunderstone,53953,2009,1,5,60,60,12,6.95847,9743,"['Card Game', 'Fantasy', 'Fighting']","['Card Drafting', 'Deck, Bag, and Pool Building', 'Hand Management']"

Legendary Encounters: An Alien Deck Building Game,146652,2014,1,5,30,60,17,7.78233,9732,"['Card Game', 'Fighting', 'Horror', 'Movies \\/ TV \\/ Radio theme', 'Science Fiction']","['Card Drafting', 'Cooperative Game', 'Deck, Bag, and Pool Building', 'Player Elimination', 'Solo \\/ Solitaire Game', 'Team-Based Game']"

Blood Bowl: Team Manager – The Card Game,90137,2011,2,4,90,90,14,7.37844,9658,"['Card Game', 'Fantasy', 'Fighting', 'Sports']","['Area Majority \\/ Influence', 'Card Drafting', 'Deck, Bag, and Pool Building', 'Dice Rolling', 'Hand Management']"

Inis,155821,2016,2,4,60,90,14,7.79527,9606,"['Card Game', 'Miniatures', 'Mythology']","['Area Majority \\/ Influence', 'Area Movement', 'Card Drafting', 'Hand Management', 'Modular Board', 'Variable Phase Order']"

King of Tokyo: Power Up!,127067,2012,2,6,30,30,8,7.64526,9574,"['Dice', 'Expansion for Base-game', 'Movies \\/ TV \\/ Radio theme', 'Science Fiction']","['Dice Rolling', 'Variable Player Powers']"

Age of Empires III: The Age of Discovery,22545,2007,2,5,90,120,10,7.55304,9565,"['Civilization', 'Exploration', 'Renaissance', 'Video Game Theme']","['Area Majority \\/ Influence', 'Set Collection', 'Turn Order: Claim Action', 'Worker Placement', 'Worker Placement, Different Worker Types']"

War of the Ring (First Edition),9609,2004,2,4,120,120,12,7.77394,9559,"['Adventure', 'Fantasy', 'Miniatures', 'Novel-based', 'Territory Building', 'Wargame']","['Action Points', 'Area Majority \\/ Influence', 'Area Movement', 'Campaign \\/ Battle Card Driven', 'Dice Rolling', 'Hand Management']"

Firefly: The Game,138161,2013,1,4,120,240,13,7.39179,9502,"['Movies \\/ TV \\/ Radio theme', 'Science Fiction', 'Space Exploration', 'Travel']","['Area Movement', 'Card Drafting', 'Dice Rolling', 'Pick-up and Deliver', 'Take That', 'Trading']"

Ca$h &#039;n Gun$,19237,2005,4,6,30,30,10,6.60103,9460,"['Bluffing', 'Card Game', 'Fighting', 'Humor', 'Mafia', 'Negotiation']","['Player Elimination', 'Simultaneous Action Selection', 'Variable Player Powers']"

Ticket to Ride: USA 1910,24439,2006,2,5,30,60,8,8.00475,9438,"['Expansion for Base-game', 'Trains']","['Card Drafting', 'Hand Management', 'Network and Route Building', 'Set Collection']"

Grand Austria Hotel,182874,2015,2,4,60,120,12,7.78624,9382,['Economic'],"['Action Drafting', 'Dice Rolling', 'End Game Bonuses', 'Hand Management', 'Once-Per-Game Abilities', 'Set Collection']"

Carcassonne: The River,2591,2001,2,5,30,45,8,6.98502,9381,"['City Building', 'Expansion for Base-game', 'Medieval', 'Territory Building']","['Area Majority \\/ Influence', 'Tile Placement']"

Quadropolis,176396,2016,2,4,30,60,8,7.33106,9360,"['City Building', 'Environmental']","['Hand Management', 'Pattern Building', 'Set Collection', 'Tile Placement']"

Imhotep,191862,2016,2,4,40,40,10,7.21953,9300,['Ancient'],"['Area Majority \\/ Influence', 'Modular Board', 'Set Collection']"

Mombasa,172386,2015,2,4,75,150,12,7.91595,9276,['Economic'],"['Action Queue', 'Area Majority \\/ Influence', 'Card Drafting', 'Deck, Bag, and Pool Building', 'Hand Management', 'Simultaneous Action Selection']"

Taboo,1111,1989,4,10,20,20,12,6.28262,9268,"['Party Game', 'Real-time', 'Word Game']",['Team-Based Game']

Codenames: Duet,224037,2017,2,4,15,30,11,7.66925,9263,"['Card Game', 'Deduction', 'Spies\\/Secret Agents', 'Word Game']","['Communication Limits', 'Cooperative Game', 'Push Your Luck', 'Team-Based Game']"

The Game of Life,2921,1960,2,6,60,60,8,4.25847,9214,"[""Children's Game"", 'Economic']","['Roll \\/ Spin and Move', 'Simulation']"

Bruges,136888,2013,2,4,60,60,10,7.44809,9196,"['Card Game', 'City Building', 'Economic', 'Renaissance']","['Dice Rolling', 'Hand Management']"

Hero Realms,198994,2016,2,4,20,30,12,7.65588,9164,"['Card Game', 'Fantasy', 'Fighting']","['Card Drafting', 'Deck, Bag, and Pool Building', 'Hand Management', 'Take That']"

Welcome To...,233867,2018,1,100,25,25,10,7.65625,9149,['City Building'],"['Paper-and-Pencil', 'Pattern Building']"

Fury of Dracula (Third/Fourth Edition),181279,2015,2,5,120,180,14,7.55492,9142,"['Adventure', 'Deduction', 'Fighting', 'Horror', 'Novel-based']","['Hidden Movement', 'Point to Point Movement', 'Secret Unit Deployment', 'Team-Based Game', 'Variable Player Powers']"

Race for the Galaxy: The Gathering Storm,34499,2008,1,5,60,60,12,8.08753,9138,"['Card Game', 'Civilization', 'Economic', 'Expansion for Base-game', 'Science Fiction', 'Space Exploration']","['Hand Management', 'Simultaneous Action Selection', 'Variable Phase Order', 'Variable Player Powers']"

Steam,27833,2009,3,5,90,90,10,7.61726,9062,"['Economic', 'Trains', 'Transportation']","['Auction\\/Bidding', 'Loans', 'Network and Route Building', 'Pick-up and Deliver', 'Tile Placement']"

Charterstone,197376,2017,1,6,45,75,14,7.55325,9061,"['City Building', 'Economic', 'Medieval']","['Card Drafting', 'Hand Management', 'Legacy Game', 'Worker Placement']"

Labyrinth,1219,1986,2,4,20,20,8,6.3899,9049,"[""Children's Game"", 'Maze', 'Puzzle']","['Modular Board', 'Network and Route Building', 'Point to Point Movement', 'Tile Placement']"

Arboretum,140934,2015,2,4,30,30,8,7.41354,9041,"['Bluffing', 'Card Game']","['Hand Management', 'Set Collection', 'Tile Placement']"

Ora et Labora,70149,2011,1,4,60,180,13,7.71237,9040,"['City Building', 'Economic', 'Industry \\/ Manufacturing', 'Medieval', 'Religious', 'Territory Building']","['Increase Value of Unchosen Resources', 'Modular Board', 'Network and Route Building', 'Worker Placement', 'Worker Placement, Different Worker Types']"

BattleLore,25417,2006,2,2,60,60,10,7.37011,8962,"['Fantasy', 'Medieval', 'Miniatures', 'Wargame']","['Campaign \\/ Battle Card Driven', 'Command Cards', 'Dice Rolling', 'Grid Movement', 'Hand Management', 'Modular Board']"

Small World Underground,97786,2011,2,5,30,90,8,7.29275,8954,"['Fantasy', 'Fighting', 'Territory Building']","['Area Majority \\/ Influence', 'Area Movement', 'Dice Rolling', 'Variable Player Powers']"

PitchCar,150,1995,2,8,30,30,6,7.24141,8883,"['Action \\/ Dexterity', ""Children's Game"", 'Party Game', 'Racing', 'Sports']","['Flicking', 'Modular Board', 'Race']"

7 Wonders: Cities,111661,2012,2,8,40,40,10,7.84651,8881,"['Ancient', 'Card Game', 'City Building', 'Civilization', 'Expansion for Base-game']","['Card Drafting', 'Hand Management', 'Set Collection', 'Simultaneous Action Selection', 'Team-Based Game', 'Variable Player Powers']"

The Werewolves of Miller&#039;s Hollow,25821,2001,8,18,30,30,10,6.77503,8822,"['Bluffing', 'Deduction', 'Horror', 'Murder\\/Mystery', 'Party Game']","['Player Elimination', 'Role Playing', 'Team-Based Game', 'Variable Player Powers', 'Voting']"

Eminent Domain,68425,2011,2,4,45,45,10,7.08111,8806,"['Card Game', 'Civilization', 'Science Fiction', 'Space Exploration']","['Card Drafting', 'Deck, Bag, and Pool Building', 'Follow', 'Hand Management', 'Variable Phase Order']"

Viticulture,128621,2013,2,6,90,90,13,7.63541,8806,"['Economic', 'Farming']","['Hand Management', 'Turn Order: Progressive', 'Worker Placement']"

Endeavor,33160,2009,3,5,90,90,12,7.4252,8791,"['Exploration', 'Nautical', 'Renaissance']","['Area Majority \\/ Influence', 'Card Drafting', 'Hand Management', 'Set Collection']"

Fury of Dracula (Second Edition),20963,2005,2,5,180,180,10,7.14234,8769,"['Adventure', 'Deduction', 'Fighting', 'Horror', 'Novel-based']","['Dice Rolling', 'Point to Point Movement', 'Secret Unit Deployment', 'Team-Based Game', 'Variable Player Powers']"

Architects of the West Kingdom,236457,2018,1,5,60,80,12,7.87084,8703,"['City Building', 'Medieval']","['Action Drafting', 'Drafting', 'Variable Player Powers', 'Worker Placement']"

Thebes,30869,2007,2,4,60,60,8,7.14697,8680,"['Ancient', 'Exploration', 'Travel']","['Point to Point Movement', 'Set Collection', 'Time Track']"

At the Gates of Loyang,39683,2009,1,4,60,120,10,7.38427,8659,"['Economic', 'Farming']","['Card Drafting', 'Contracts', 'Set Collection']"

Roll Player,169426,2016,1,4,60,90,10,7.52256,8612,"['Dice', 'Fantasy']","['Card Drafting', 'Dice Rolling', 'Set Collection', 'Variable Player Powers']"

The Quacks of Quedlinburg,244521,2018,2,4,45,45,10,7.72667,8579,['Medieval'],"['Catch the Leader', 'Deck, Bag, and Pool Building', 'Push Your Luck']"

Twilight Imperium (Fourth Edition),233078,2017,3,6,240,480,14,8.69079,8558,"['Civilization', 'Economic', 'Negotiation', 'Political', 'Science Fiction', 'Space Exploration']","['Area Majority \\/ Influence', 'Area-Impulse', 'Dice Rolling', 'Follow', 'Grid Movement', 'Modular Board']"

The Manhattan Project,63628,2012,2,5,120,120,13,7.40762,8545,"['Aviation \\/ Flight', 'Economic', 'Fighting', 'Industry \\/ Manufacturing', 'Negotiation', 'World War II']","['Drafting', 'Race', 'Take That', 'Worker Placement', 'Worker Placement, Different Worker Types']"

Discworld: Ankh-Morpork,91312,2011,2,4,60,60,11,7.21795,8529,"['City Building', 'Fantasy', 'Novel-based']","['Area Majority \\/ Influence', 'Dice Rolling', 'Hand Management', 'Take That', 'Variable Player Powers']"

Ticket to Ride: Märklin,21348,2006,2,5,30,60,8,7.4048,8416,"['Trains', 'Transportation']","['Card Drafting', 'Hand Management', 'Network and Route Building', 'Point to Point Movement', 'Set Collection']"

Poker,1115,1810,2,10,60,60,12,6.6948,8358,"['Bluffing', 'Card Game']","['Betting and Bluffing', 'Player Elimination', 'Set Collection']"

Bora Bora,127060,2013,2,4,60,120,12,7.56696,8358,['Dice'],"['Dice Rolling', 'Set Collection', 'Worker Placement', 'Worker Placement with Dice Workers']"

Between Two Cities,168435,2015,1,7,25,25,8,7.05238,8339,"['City Building', 'Negotiation']","['Card Drafting', 'Highest-Lowest Scoring', 'Set Collection', 'Simultaneous Action Selection', 'Solo \\/ Solitaire Game', 'Tile Placement']"

Anachrony,185343,2017,1,4,30,120,15,8.12475,8334,"['Economic', 'Science Fiction']","['Solo \\/ Solitaire Game', 'Variable Player Powers', 'Worker Placement', 'Worker Placement, Different Worker Types']"

Pandemic Legacy: Season 2,221107,2017,2,4,60,60,14,8.22079,8327,"['Environmental', 'Exploration', 'Medical']","['Cooperative Game', 'Hand Management', 'Legacy Game', 'Pick-up and Deliver', 'Point to Point Movement', 'Set Collection']"

Last Will,97842,2011,2,5,45,75,14,7.20686,8321,"['Card Game', 'Economic', 'Humor']","['Action Points', 'Hand Management', 'Worker Placement']"

Flamme Rouge,199478,2016,2,4,30,45,8,7.58385,8303,"['Racing', 'Sports']","['Hand Management', 'Modular Board', 'Race', 'Simulation', 'Simultaneous Action Selection']"

Mascarade,139030,2013,2,13,30,30,10,6.64213,8295,"['Bluffing', 'Medieval', 'Party Game']","['Memory', 'Variable Player Powers']"

Pandemic: The Cure,150658,2014,2,5,30,30,8,7.32582,8269,"['Dice', 'Environmental', 'Medical']","['Cooperative Game', 'Dice Rolling', 'Hand Management', 'Point to Point Movement', 'Push Your Luck', 'Set Collection']"

Lanterns: The Harvest Festival,160851,2015,2,4,30,30,8,6.95099,8249,"['Hand Management', 'Pattern Building', 'Set Collection', 'Tile Placement']","['Hand Management', 'Pattern Building', 'Set Collection', 'Tile Placement']"

Euphoria: Build a Better Dystopia,133848,2013,2,6,60,60,13,7.28131,8240,['Science Fiction'],"['Dice Rolling', 'Hand Management', 'Race', 'Set Collection', 'Variable Player Powers', 'Worker Placement']"

Nexus Ops,15363,2005,2,4,90,90,12,7.22842,8208,"['Exploration', 'Fighting', 'Science Fiction', 'Wargame']","['Area Majority \\/ Influence', 'Dice Rolling', 'Hand Management', 'Modular Board', 'Take That']"

Glen More,66362,2010,2,5,45,70,10,7.33557,8197,"['City Building', 'Economic', 'Farming']","['Commodity Speculation', 'Dice Rolling', 'Grid Movement', 'Rondel', 'Set Collection', 'Tile Placement']"

Amun-Re,5404,2003,3,5,90,90,12,7.32903,8196,"['Ancient', 'Economic']","['Area Majority \\/ Influence', 'Auction\\/Bidding', 'Auction: Fixed Placement', 'Constrained Bidding']"

Brass: Birmingham,224517,2018,2,4,60,120,14,8.61432,8193,"['Economic', 'Industry \\/ Manufacturing', 'Transportation']","['Hand Management', 'Income', 'Loans', 'Market', 'Network and Route Building', 'Tech Trees \\/ Tech Tracks']"

Glass Road,143693,2013,1,4,20,80,13,7.45488,8185,"['City Building', 'Economic', 'Medieval']","['Card Drafting', 'Set Collection', 'Simultaneous Action Selection', 'Tile Placement', 'Variable Phase Order']"

Arcadia Quest,155068,2014,2,4,60,60,13,7.78357,8153,"['Adventure', 'Fantasy', 'Fighting', 'Miniatures']","['Dice Rolling', 'Grid Movement', 'Modular Board', 'Take That', 'Variable Player Powers']"

Torres,88,1999,2,4,60,60,12,7.1493,8145,"['Abstract Strategy', 'Medieval']","['Action Points', 'Area Majority \\/ Influence', 'Enclosure', 'Grid Movement', 'Hand Management', 'Square Grid']"

Abyss,155987,2014,2,4,30,60,14,7.30245,8142,"['Card Game', 'Fantasy', 'Mythology', 'Science Fiction']","['Auction\\/Bidding', 'Card Drafting', 'Hand Management', 'Push Your Luck', 'Set Collection']"

Fairy Tale,13823,2004,2,5,30,30,10,6.7452,8134,"['Card Game', 'Fantasy']","['Card Drafting', 'Drafting', 'Hand Management', 'Set Collection', 'Simultaneous Action Selection']"

Pickomino,15818,2005,2,7,20,20,8,6.55051,8116,"['Animals', 'Dice']","['Dice Rolling', 'Push Your Luck']"

Bärenpark,219513,2017,2,4,30,45,8,7.36039,8108,"['Animals', 'Puzzle']","['Card Drafting', 'Grid Coverage', 'Set Collection', 'Tile Placement']"

1960: The Making of the President,27708,2007,2,2,90,120,12,7.59556,8104,['Political'],"['Action\\/Event', 'Area Majority \\/ Influence', 'Campaign \\/ Battle Card Driven', 'Hand Management']"

Colosseum,27746,2007,3,5,60,90,10,7.22031,8083,"['Ancient', 'Negotiation']","['Auction\\/Bidding', 'Dice Rolling', 'Roll \\/ Spin and Move', 'Set Collection', 'Trading']"

That&#039;s Pretty Clever,244522,2018,1,4,30,30,8,7.64481,8083,['Dice'],"['Dice Rolling', 'Paper-and-Pencil']"

Carcassonne: Expansion 3 – The Princess &amp; The Dragon,15158,2005,2,6,60,60,13,6.74604,8082,"['City Building', 'Expansion for Base-game', 'Fantasy', 'Medieval', 'Territory Building']","['Area Majority \\/ Influence', 'Tile Placement']"

K2,73761,2010,1,5,30,60,8,7.09669,8071,"['Exploration', 'Sports']","['Hand Management', 'Player Elimination', 'Point to Point Movement', 'Simultaneous Action Selection', 'Solo \\/ Solitaire Game']"

Las Vegas,117959,2012,2,5,30,30,8,7.11543,8012,['Dice'],"['Area Majority \\/ Influence', 'Dice Rolling']"

Imperial,24181,2006,2,6,120,180,13,7.61554,7987,"['Economic', 'Nautical', 'Political']","['Advantage Token', 'Area Majority \\/ Influence', 'Area Movement', 'Ownership', 'Rondel', 'Stock Holding']"

Dungeons &amp; Dragons: Castle Ravenloft Board Game,59946,2010,1,5,60,60,12,6.97511,7943,"['Adventure', 'Exploration', 'Fantasy', 'Fighting', 'Horror', 'Miniatures']","['Cooperative Game', 'Dice Rolling', 'Grid Movement', 'Modular Board', 'Role Playing', 'Variable Player Powers']"

Cranium,891,1998,4,16,60,60,13,5.68302,7912,"['Party Game', 'Puzzle', 'Trivia', 'Word Game']","['Acting', 'Line Drawing', 'Paper-and-Pencil', 'Roll \\/ Spin and Move', 'Singing', 'Team-Based Game']"

Harry Potter: Hogwarts Battle,199042,2016,2,4,30,60,11,7.49403,7880,"['Card Game', 'Fantasy', 'Movies \\/ TV \\/ Radio theme', 'Novel-based']","['Cooperative Game', 'Deck, Bag, and Pool Building', 'Variable Player Powers']"

Condottiere,112,1995,2,6,45,45,14,6.8013,7776,"['Bluffing', 'Card Game', 'Medieval', 'Negotiation']","['Area Majority \\/ Influence', 'Auction\\/Bidding', 'Hand Management']"

Loopin&#039; Louie,327,1992,2,4,10,10,4,6.81379,7761,"['Action \\/ Dexterity', 'Animals', 'Aviation \\/ Flight', ""Children's Game"", 'Electronic', 'Movies \\/ TV \\/ Radio theme']",['Player Elimination']

Jambo,12002,2004,2,2,45,45,12,7.02564,7755,"['Card Game', 'Economic']","['Action Points', 'Hand Management', 'Set Collection']"

Paperback,141572,2014,2,5,45,45,8,7.24056,7738,"['Card Game', 'Print & Play', 'Word Game']","['Card Drafting', 'Cooperative Game', 'Deck, Bag, and Pool Building']"

Pirate&#039;s Cove,2987,2002,3,5,60,90,8,6.58055,7719,"['Adventure', 'Fighting', 'Nautical', 'Pirates']","['Dice Rolling', 'Hand Management', 'Pick-up and Deliver', 'Simultaneous Action Selection']"

Deep Sea Adventure,169654,2014,2,6,30,30,8,7.06928,7680,"['Dice', 'Exploration', 'Nautical', 'Party Game']","['Pick-up and Deliver', 'Push Your Luck', 'Roll \\/ Spin and Move']"

Dinosaur Island,221194,2017,1,4,90,120,8,7.81417,7679,"['Economic', 'Science Fiction']","['Action Points', 'Dice Rolling', 'Set Collection', 'Tile Placement', 'Worker Placement']"

Pit,140,1903,3,8,30,90,7,6.38861,7662,"['Card Game', 'Economic', 'Party Game', 'Real-time']","['Set Collection', 'Trading']"

Mission: Red Planet (Second Edition),176920,2015,2,6,45,90,14,7.49836,7659,['Science Fiction'],"['Action Retrieval', 'Area Majority \\/ Influence', 'Hand Management', 'Simultaneous Action Selection']"

Dominion: Alchemy,66098,2010,2,4,30,30,13,6.94737,7657,"['Card Game', 'Expansion for Base-game', 'Medieval']","['Card Drafting', 'Deck, Bag, and Pool Building', 'Hand Management']"

Elysium,163968,2015,2,4,60,60,14,7.25949,7614,"['Ancient', 'Card Game', 'Mythology']","['Card Drafting', 'Set Collection']"

Vikings,27173,2007,2,4,60,60,10,7.26197,7610,"['Economic', 'Medieval', 'Nautical', 'Territory Building']","['Auction\\/Bidding', 'Auction: Dutch', 'Rondel', 'Tile Placement']"

Cuba,30380,2007,2,5,75,120,10,7.15797,7604,"['Economic', 'Farming']","['Auction\\/Bidding', 'Hand Management', 'Market', 'Variable Phase Order', 'Voting']"

The Gallerist,125153,2015,1,4,60,150,13,8.0219,7597,['Economic'],"['Commodity Speculation', 'Set Collection', 'Worker Placement']"

Commands &amp; Colors: Ancients,14105,2006,2,2,60,60,12,7.77984,7581,"['Ancient', 'Wargame']","['Campaign \\/ Battle Card Driven', 'Command Cards', 'Dice Rolling', 'Hand Management', 'Hexagon Grid', 'Modular Board']"

Elfenland,10,1998,2,6,60,60,10,6.72717,7549,"['Fantasy', 'Travel']","['Card Drafting', 'Hand Management', 'Network and Route Building', 'Point to Point Movement']"

Age of Steam,4098,2002,1,6,120,120,13,7.70183,7546,"['Economic', 'Trains', 'Transportation']","['Auction\\/Bidding', 'Catch the Leader', 'Dice Rolling', 'Loans', 'Network and Route Building', 'Player Elimination']"

Kahuna,394,1998,2,2,30,40,10,6.64887,7530,['Abstract Strategy'],"['Area Majority \\/ Influence', 'Card Drafting', 'Hand Management', 'Network and Route Building', 'Take That']"

Runebound (Second Edition),21523,2005,2,6,120,240,12,6.88397,7529,"['Adventure', 'Exploration', 'Fantasy', 'Fighting']","['Area Movement', 'Card Drafting', 'Dice Rolling', 'Role Playing', 'Variable Player Powers']"

Shadow Hunters,24068,2005,4,8,45,45,13,6.82944,7525,"['Adventure', 'Bluffing', 'Card Game', 'Deduction', 'Horror', 'Party Game']","['Dice Rolling', 'Player Elimination', 'Team-Based Game', 'Variable Player Powers']"

Heroscape Master Set: Rise of the Valkyrie,11170,2004,2,4,90,90,8,7.42946,7522,"['Adventure', 'Fantasy', 'Fighting', 'Miniatures', 'Science Fiction']","['Dice Rolling', 'Grid Movement', 'Line of Sight', 'Modular Board']"

Yspahan,22345,2006,2,4,45,60,8,7.09791,7519,"['Dice', 'Economic']","['Action Drafting', 'Area Majority \\/ Influence', 'Dice Rolling']"

Once Upon a Time: The Storytelling Card Game,1234,1993,2,6,30,30,8,6.43364,7513,"['Card Game', 'Humor', 'Party Game', 'Real-time']","['Hand Management', 'Storytelling', 'Voting']"

Formula Dé,173,1991,2,10,120,120,10,6.9891,7505,"['Racing', 'Sports']","['Different Dice Movement', 'Grid Movement', 'Player Elimination', 'Push Your Luck', 'Race', 'Roll \\/ Spin and Move']"

Qwixx,131260,2012,2,5,15,15,8,6.88607,7504,['Dice'],"['Dice Rolling', 'Paper-and-Pencil']"

Navegador,66589,2010,2,5,60,90,12,7.55903,7496,"['Economic', 'Exploration', 'Nautical', 'Renaissance']","['Advantage Token', 'Area Movement', 'Rondel']"

Ethnos,206718,2017,2,6,45,60,14,7.50714,7484,['Fantasy'],"['Area Majority \\/ Influence', 'Card Drafting', 'Hand Management', 'Set Collection']"

Niagara,13308,2004,3,5,30,45,8,6.50688,7478,['Nautical'],"['Hand Management', 'Pick-up and Deliver', 'Set Collection', 'Simultaneous Action Selection']"

Scattergories,2381,1988,2,6,30,30,12,6.16016,7466,"['Party Game', 'Real-time', 'Word Game']","['Dice Rolling', 'Paper-and-Pencil']"

Red November,36946,2008,1,8,60,120,13,6.32263,7463,"['Fantasy', 'Humor', 'Nautical']","['Area Movement', 'Cooperative Game', 'Dice Rolling', 'Hand Management', 'Time Track']"

Ricochet Robots,51,1999,1,99,30,30,10,7.00275,7425,"['Abstract Strategy', 'Maze', 'Puzzle', 'Real-time']","['Grid Movement', 'Modular Board']"

Battleship,2425,1931,2,2,30,30,8,4.60706,7421,"[""Children's Game"", 'Deduction', 'Nautical', 'Wargame']","['Paper-and-Pencil', 'Secret Unit Deployment']"

Monopoly Deal Card Game,40398,2008,2,5,15,15,8,6.26263,7411,"['Card Game', 'Economic']","['Hand Management', 'Set Collection', 'Take That']"

Mystery of the Abbey,915,1995,3,6,60,90,10,6.54448,7399,"['Deduction', 'Medieval', 'Murder\\/Mystery', 'Religious']","['Area Movement', 'Hand Management', 'Paper-and-Pencil', 'Set Collection']"

TransAmerica,2842,2001,2,6,30,30,13,6.66313,7399,['Trains'],['Network and Route Building']

Runewars,59294,2010,2,4,180,240,14,7.65509,7389,"['Adventure', 'Fantasy', 'Fighting', 'Wargame']","['Area Majority \\/ Influence', 'Auction\\/Bidding', 'Grid Movement', 'Modular Board', 'Simultaneous Action Selection', 'Variable Player Powers']"

Chinatown,47,1999,3,5,60,60,12,7.28444,7363,"['City Building', 'Economic', 'Negotiation']","['Set Collection', 'Tile Placement', 'Trading']"

Cribbage,2398,1630,2,4,30,30,10,7.04052,7336,['Card Game'],['Hand Management']

BANG! The Bullet!,30933,2007,3,8,20,40,8,6.94158,7302,"['American West', 'Bluffing', 'Card Game', 'Deduction', 'Fighting', 'Humor']","['Hand Management', 'Player Elimination', 'Take That', 'Team-Based Game', 'Variable Player Powers']"

Blue Moon City,21882,2006,2,4,60,60,10,7.0478,7291,"['City Building', 'Fantasy']","['Area Majority \\/ Influence', 'Grid Movement', 'Hand Management', 'Modular Board', 'Set Collection']"

Oh My Goods!,183840,2015,2,4,30,30,10,7.01033,7261,"['Card Game', 'Economic', 'Medieval']","['Action Queue', 'Hand Management', 'Push Your Luck', 'Set Collection']"

Teotihuacan: City of Gods,229853,2018,1,4,90,120,12,7.96671,7237,['Ancient'],"['Area Movement', 'Point to Point Movement', 'Rondel', 'Set Collection', 'Tile Placement', 'Variable Player Powers']"

Cartagena,826,2000,2,5,45,45,8,6.6883,7231,"['Pirates', 'Racing']","['Hand Management', 'Modular Board', 'Race']"

Bananagrams,27225,2006,1,8,15,15,7,6.3562,7214,"['Real-time', 'Word Game']",['Tile Placement']

Wizard,1465,1984,3,6,45,45,10,6.90018,7186,['Card Game'],"['Betting and Bluffing', 'Hand Management', 'Trick-taking']"

Taluva,24508,2006,2,4,45,45,8,7.18146,7186,"['City Building', 'Territory Building']","['Modular Board', 'Tile Placement']"

Trains,121408,2012,2,4,45,45,12,7.19712,7156,"['Card Game', 'Territory Building', 'Trains']","['Deck, Bag, and Pool Building', 'Hand Management', 'Network and Route Building']"

Karuba,183251,2015,2,4,30,40,8,7.21654,7155,"['Puzzle', 'Racing']","['Grid Movement', 'Network and Route Building', 'Race', 'Simultaneous Action Selection', 'Tile Placement']"

Chronicles of Crime,239188,2018,1,4,60,90,14,7.95387,7151,"['Adventure', 'Deduction', 'Murder\\/Mystery']","['Cooperative Game', 'Storytelling', 'Time Track', 'Variable Player Powers']"

Hanamikoji,158600,2013,2,2,15,15,10,7.55448,7142,"['Card Game', 'Medieval', 'Video Game Theme']","['Area Majority \\/ Influence', 'Card Drafting', 'Hand Management', 'I Cut, You Choose']"

Mystic Vale,194607,2016,2,4,45,45,14,7.29784,7132,"['Card Game', 'Fantasy']","['Deck, Bag, and Pool Building', 'Push Your Luck']"

XCOM: The Board Game,163602,2015,1,4,60,120,14,7.08122,7109,"['Real-time', 'Science Fiction', 'Video Game Theme']","['Cooperative Game', 'Dice Rolling', 'Hand Management', 'Push Your Luck', 'Variable Player Powers']"

Carcassonne: The Castle,7717,2003,2,2,30,30,8,7.09124,7100,"['City Building', 'Medieval']","['Area Majority \\/ Influence', 'Enclosure', 'Tile Placement']"

High Society,220,1995,3,5,15,30,10,6.97723,7082,['Card Game'],"['Auction\\/Bidding', 'Auction: Turn Order Until Pass', 'Constrained Bidding']"

La Granja,146886,2014,1,4,90,120,12,7.70108,7079,"['Economic', 'Farming']","['Area Majority \\/ Influence', 'Automatic Resource Growth', 'Dice Rolling', 'Hand Management', 'Income', 'Simultaneous Action Selection']"

Fearsome Floors,7805,2003,2,7,60,60,10,6.66031,7060,"['Horror', 'Racing']","['Grid Movement', 'Modular Board']"

Rise of Augustus,137297,2013,2,6,30,30,8,6.75129,7051,"['Ancient', 'Card Game']","['Card Drafting', 'Push Your Luck', 'Set Collection']"

Trivial Pursuit: Genus Edition,2952,1981,2,24,90,90,12,5.20923,7023,"['Party Game', 'Trivia']","['Roll \\/ Spin and Move', 'Set Collection']"

Dungeon Roll,138788,2013,1,4,15,15,8,6.1396,7022,"['Dice', 'Fantasy', 'Fighting']","['Dice Rolling', 'Hand Management', 'Push Your Luck', 'Variable Player Powers']"

A Few Acres of Snow,79828,2011,2,2,60,120,14,7.41037,7011,"['Age of Reason', 'American Indian Wars', 'Card Game', 'Territory Building', 'Wargame']","['Area Majority \\/ Influence', 'Card Drafting', 'Deck, Bag, and Pool Building', 'Hand Management', 'Point to Point Movement']"

Chicago Express,31730,2007,2,6,60,60,12,7.23368,6984,"['Economic', 'Post-Napoleonic', 'Trains', 'Transportation']","['Auction\\/Bidding', 'Auction: Turn Order Until Pass', 'Network and Route Building', 'Ownership', 'Stock Holding']"

Mage Wars Arena,101721,2012,2,2,90,90,13,7.68023,6961,"['Card Game', 'Fantasy', 'Fighting']","['Dice Rolling', 'Grid Movement', 'Simultaneous Action Selection', 'Variable Player Powers']"

KeyForge: Call of the Archons,257501,2018,2,2,15,45,14,7.5266,6960,"['Card Game', 'Fantasy', 'Fighting']","['Hand Management', 'Take That']"

Ubongo,16986,2003,1,4,25,25,8,6.71841,6956,"['Puzzle', 'Real-time']","['Grid Coverage', 'Pattern Building', 'Set Collection']"

Risk Legacy,105134,2011,3,5,60,60,13,7.46272,6939,"['Science Fiction', 'Wargame']","['Area Movement', 'Card Drafting', 'Dice Rolling', 'Legacy Game', 'Player Elimination', 'Variable Player Powers']"

The Downfall of Pompeii,13004,2004,2,4,45,45,10,7.13113,6918,['Ancient'],"['Grid Movement', 'Hand Management', 'Tile Placement']"

The Game,173090,2015,1,5,20,20,8,6.70531,6882,"['Card Game', 'Number']","['Cooperative Game', 'Hand Management', 'Solo \\/ Solitaire Game']"

Eight-Minute Empire,131366,2012,2,5,8,20,13,6.60094,6873,['Territory Building'],"['Area Majority \\/ Influence', 'Area Movement', 'Card Drafting', 'Set Collection']"

Cacao,171499,2015,2,4,45,45,8,7.11881,6853,"['Economic', 'Farming', 'Territory Building']","['Area Majority \\/ Influence', 'Hand Management', 'Tile Placement']"

Rhino Hero,91514,2011,2,5,5,15,5,6.95889,6832,"['Action \\/ Dexterity', 'Animals', ""Children's Game"", 'Party Game']","['Hand Management', 'Stacking and Balancing']"

Civilization,71,1980,2,7,360,360,12,7.50843,6817,"['Ancient', 'Civilization', 'Economic', 'Negotiation']","['Area Majority \\/ Influence', 'Area Movement', 'Hand Management', 'Set Collection', 'Tech Trees \\/ Tech Tracks', 'Trading']"

Mr. Jack Pocket,72287,2010,2,2,15,15,14,6.9378,6805,"['Bluffing', 'Deduction', 'Murder\\/Mystery', 'Post-Napoleonic']",['Modular Board']

The Quest for El Dorado,217372,2017,2,4,30,60,10,7.55782,6799,"['Adventure', 'Racing']","['Card Drafting', 'Deck, Bag, and Pool Building', 'Grid Movement', 'Hand Management', 'Modular Board', 'Race']"

Terror in Meeple City,97903,2013,2,4,45,45,8,6.88181,6794,"['Action \\/ Dexterity', 'Horror']","['Area Movement', 'Flicking', 'Set Collection', 'Variable Player Powers']"

Burgle Bros.,172081,2015,1,4,45,90,12,7.59857,6788,"['Exploration', 'Maze', 'Spies\\/Secret Agents']","['Action Points', 'Cooperative Game', 'Dice Rolling', 'Grid Movement', 'Modular Board', 'Solo \\/ Solitaire Game']"

StarCraft: The Board Game,22827,2007,2,6,180,240,12,7.33737,6775,"['Civilization', 'Fighting', 'Miniatures', 'Science Fiction', 'Space Exploration', 'Territory Building']","['Area Majority \\/ Influence', 'Area Movement', 'Deck, Bag, and Pool Building', 'Modular Board', 'Order Counters', 'Variable Player Powers']"

Taj Mahal,475,2000,3,5,75,100,12,7.30162,6773,"['Bluffing', 'Political']","['Auction\\/Bidding', 'Card Drafting', 'Hand Management', 'Network and Route Building', 'Set Collection']"

Colossal Arena,105,1997,2,5,60,60,8,6.77841,6767,"['Card Game', 'Fantasy', 'Mythology']","['Betting and Bluffing', 'Hand Management']"

Mille Bornes,590,1954,2,6,45,45,8,5.68939,6747,"['Card Game', 'Racing']","['Hand Management', 'Take That', 'Team-Based Game']"

Medici,46,1995,2,6,60,60,10,7.14081,6736,['Renaissance'],"['Auction\\/Bidding', 'Push Your Luck', 'Set Collection']"

Yokohama,196340,2016,2,4,90,90,14,7.90096,6730,['Economic'],"['Grid Movement', 'Modular Board', 'Network and Route Building', 'Set Collection', 'Worker Placement']"

Cockroach Poker,11971,2004,2,6,20,20,8,6.65599,6716,"['Bluffing', 'Card Game', 'Party Game']","['Hand Management', 'Set Collection', 'Single Loser Game']"

Broom Service,172308,2015,2,5,30,75,10,7.2092,6703,['Fantasy'],"['Area Movement', 'Hand Management', 'Pick-up and Deliver', 'Set Collection', 'Simultaneous Action Selection', 'Variable Phase Order']"

Archipelago,105551,2012,2,5,30,240,14,7.37518,6698,"['Civilization', 'Economic', 'Exploration', 'Nautical', 'Negotiation', 'Renaissance']","['Area Majority \\/ Influence', 'Auction\\/Bidding', 'Commodity Speculation', 'Hexagon Grid', 'Modular Board', 'Semi-Cooperative Game']"

Pandemic: Iberia,198928,2016,2,5,45,45,8,7.95566,6690,['Medical'],"['Action Points', 'Cooperative Game', 'Hand Management', 'Point to Point Movement', 'Set Collection', 'Solo \\/ Solitaire Game']"

Timeline: Inventions,85256,2010,2,8,15,15,8,6.71249,6683,"['Card Game', 'Educational', 'Trivia']",[]

Decrypto,225694,2018,3,8,15,45,12,7.8159,6648,"['Deduction', 'Party Game', 'Word Game']","['Communication Limits', 'Team-Based Game']"

Rococo,144344,2013,2,5,60,120,12,7.58479,6627,"['Age of Reason', 'Economic']","['Area Majority \\/ Influence', 'Card Drafting', 'Deck, Bag, and Pool Building', 'Hand Management', 'Set Collection']"

Celestia,175117,2015,2,6,30,30,8,7.03005,6606,"['Adventure', 'Aviation \\/ Flight', 'Card Game', 'Fantasy']","['Betting and Bluffing', 'Dice Rolling', 'Hidden Victory Points', 'Push Your Luck']"

Exit: The Game – The Abandoned Cabin,203420,2016,1,6,60,120,12,7.63566,6602,"['Deduction', 'Puzzle', 'Real-time']",['Cooperative Game']

YINSH,7854,2003,2,2,30,60,9,7.68206,6600,['Abstract Strategy'],"['Grid Movement', 'Pattern Building']"

Flick &#039;em Up!,169124,2015,2,10,30,45,7,7.01121,6600,"['Action \\/ Dexterity', 'American West', 'Fighting']","['Flicking', 'Pick-up and Deliver', 'Team-Based Game']"

Macao,55670,2009,2,4,50,100,12,7.4286,6570,"['Dice', 'Nautical']","['Action Points', 'Card Drafting', 'Dice Rolling', 'Hand Management', 'Network and Route Building', 'Pick-up and Deliver']"

Hive Pocket,154597,2010,2,2,20,20,9,7.68785,6558,"['Abstract Strategy', 'Animals']","['Grid Movement', 'Hexagon Grid', 'Tile Placement']"

Phase 10,1258,1982,2,6,45,45,8,5.09799,6546,['Card Game'],['Set Collection']

Lorenzo il Magnifico,203993,2016,2,4,60,120,12,7.88004,6468,['Renaissance'],"['Card Drafting', 'Dice Rolling', 'Variable Player Powers', 'Worker Placement']"

Carson City,39938,2009,2,5,90,90,12,7.26632,6463,"['American West', 'City Building', 'Economic']","['Area Majority \\/ Influence', 'Dice Rolling', 'Tile Placement', 'Variable Player Powers', 'Worker Placement']"

Airlines Europe,90419,2011,2,5,75,75,10,7.32177,6455,"['Aviation \\/ Flight', 'Economic']","['Card Drafting', 'Network and Route Building', 'Set Collection', 'Stock Holding']"

Space Hulk (third edition),54625,2009,2,2,60,60,12,7.54092,6451,"['Fighting', 'Miniatures', 'Science Fiction', 'Wargame']","['Action Points', 'Dice Rolling', 'Grid Movement', 'Modular Board']"

Deus,162082,2014,2,4,60,90,14,7.3487,6449,"['Civilization', 'Mythology']","['Area Majority \\/ Influence', 'Grid Movement', 'Hand Management', 'Modular Board', 'Network and Route Building']"

Spartacus: A Game of Blood &amp; Treachery,128671,2012,3,4,120,180,17,7.46172,6431,"['Ancient', 'Fighting', 'Miniatures', 'Movies \\/ TV \\/ Radio theme', 'Negotiation']","['Auction\\/Bidding', 'Betting and Bluffing', 'Dice Rolling', 'Grid Movement', 'Hand Management', 'Trading']"

7 Wonders Duel: Pantheon,202976,2016,2,2,30,45,10,8.06161,6425,"['Ancient', 'Card Game', 'City Building', 'Civilization', 'Expansion for Base-game']","['Card Drafting', 'Set Collection']"

Forbidden Stars,175155,2015,2,4,120,180,14,7.97163,6422,"['Bluffing', 'Fighting', 'Miniatures', 'Science Fiction', 'Wargame']","['Area Majority \\/ Influence', 'Dice Rolling', 'Hand Management', 'Modular Board', 'Order Counters', 'Variable Player Powers']"

Aeon&#039;s End,191189,2016,1,4,60,60,14,8.05946,6420,"['Card Game', 'Fantasy', 'Fighting', 'Science Fiction']","['Card Drafting', 'Cooperative Game', 'Deck, Bag, and Pool Building', 'Hand Management', 'Solo \\/ Solitaire Game', 'Variable Phase Order']"

Finca,40628,2009,2,4,45,45,10,7.07123,6415,"['Economic', 'Farming']","['Commodity Speculation', 'Mancala', 'Pick-up and Deliver', 'Rondel', 'Set Collection']"

The Red Dragon Inn,24310,2007,2,4,45,45,13,6.57248,6408,"['Card Game', 'Fantasy', 'Humor', 'Medieval', 'Party Game']","['Betting and Bluffing', 'Hand Management', 'Player Elimination', 'Take That', 'Variable Player Powers']"

Risk 2210 A.D.,1829,2001,2,5,240,240,10,6.69299,6403,"['Science Fiction', 'Territory Building', 'Wargame']","['Area Majority \\/ Influence', 'Area Movement', 'Auction\\/Bidding', 'Dice Rolling', 'Variable Player Powers']"

Claustrophobia,36932,2009,2,2,45,45,14,7.54093,6378,"['Horror', 'Adventure', 'Exploration', 'Fantasy', 'Fighting', 'Miniatures']","['Dice Rolling', 'Grid Movement', 'Modular Board', 'Variable Player Powers']"

Tiny Epic Kingdoms,148951,2014,2,5,30,45,13,6.62365,6373,"['Bluffing', 'Civilization', 'Fantasy', 'Fighting', 'Medieval', 'Print & Play']","['Action Points', 'Area Majority \\/ Influence', 'Area Movement', 'Auction\\/Bidding', 'Take That', 'Variable Phase Order']"

Onirim (second edition),156336,2014,1,2,15,15,10,7.13955,6369,"['Card Game', 'Exploration', 'Fantasy']","['Card Drafting', 'Cooperative Game', 'Hand Management', 'Set Collection', 'Solo \\/ Solitaire Game']"

Kingdom Death: Monster,55690,2015,1,4,60,180,17,8.74872,6352,"['Adventure', 'Fantasy', 'Horror', 'Mature \\/ Adult', 'Miniatures', 'Mythology']","['Cooperative Game', 'Dice Rolling', 'Grid Movement', 'Role Playing', 'Solo \\/ Solitaire Game', 'Storytelling']"

The Great Dalmuti,929,1995,4,8,60,60,8,6.5524,6351,"['Card Game', 'Medieval']","['Hand Management', 'Ladder Climbing', 'Trick-taking']"

Pandemic: Reign of Cthulhu,192153,2016,2,4,40,40,14,7.43543,6349,"['Horror', 'Mythology', 'Novel-based']","['Action Points', 'Cooperative Game', 'Hand Management', 'Point to Point Movement', 'Set Collection', 'Trading']"

Fields of Arle,159675,2014,1,2,60,120,13,8.11742,6341,"['Economic', 'Farming', 'Industry \\/ Manufacturing']","['Automatic Resource Growth', 'Worker Placement']"

Morels,122298,2012,2,2,30,30,10,7.02369,6323,"['Card Game', 'Educational']","['Card Drafting', 'Hand Management', 'Set Collection']"

Boggle,1293,1972,1,8,10,10,8,6.19347,6319,"['Dice', 'Real-time', 'Word Game']","['Dice Rolling', 'Paper-and-Pencil', 'Pattern Recognition']"

Munchkin 2: Unnatural Axe,3943,2002,3,6,90,90,10,6.44671,6316,"['Card Game', 'Expansion for Base-game', 'Fantasy', 'Fighting', 'Humor']","['Card Drafting', 'Dice Rolling', 'Hand Management', 'Take That', 'Variable Player Powers']"

Checkers,2083,1150,2,2,30,30,6,4.86984,6313,"['Abstract Strategy', 'Comic Book \\/ Strip']","['Grid Movement', 'Pattern Movement', 'Square Grid', 'Static Capture']"

Dead of Winter: The Long Night,193037,2016,2,5,60,120,14,7.7339,6313,"['Bluffing', 'Deduction', 'Horror', 'Mature \\/ Adult', 'Science Fiction', 'Zombies']","['Action Points', 'Area Movement', 'Cooperative Game', 'Dice Rolling', 'Hand Management', 'Push Your Luck']"

Lord of the Rings: The Confrontation,3201,2002,2,2,30,30,12,7.20351,6291,"['Adventure', 'Bluffing', 'Deduction', 'Fantasy', 'Movies \\/ TV \\/ Radio theme', 'Novel-based']","['Area Movement', 'Hand Management', 'Memory', 'Secret Unit Deployment', 'Simultaneous Action Selection', 'Variable Player Powers']"

Othello,2389,1883,2,2,30,30,8,6.08185,6287,['Abstract Strategy'],"['Enclosure', 'Tile Placement']"

Dice Town,40793,2009,2,5,45,45,10,6.85773,6285,"['American West', 'Dice']","['Dice Rolling', 'Set Collection', 'Simultaneous Action Selection']"

Among the Stars,110277,2012,2,4,30,30,12,7.12528,6281,"['Card Game', 'City Building', 'Science Fiction']","['Card Drafting', 'Drafting', 'Simultaneous Action Selection', 'Tile Placement', 'Variable Player Powers']"

Exploding Kittens: NSFW Deck,172242,2015,2,5,10,20,18,6.19425,6280,"['Animals', 'Card Game', 'Comic Book \\/ Strip', 'Humor', 'Mature \\/ Adult']","['Hand Management', 'Player Elimination', 'Push Your Luck', 'Set Collection', 'Take That']"

Pictionary,2281,1985,3,16,90,90,12,5.81403,6260,['Party Game'],"['Line Drawing', 'Roll \\/ Spin and Move', 'Team-Based Game']"

Raptor,177639,2015,2,2,25,25,9,7.38309,6250,"['Animals', 'Fighting', 'Science Fiction']","['Action Points', 'Grid Movement', 'Hand Management', 'Modular Board', 'Simultaneous Action Selection', 'Take That']"

Animal Upon Animal,17329,2005,2,4,15,15,4,6.8375,6217,"['Action \\/ Dexterity', 'Animals', ""Children's Game""]","['Dice Rolling', 'Stacking and Balancing']"

Sequence,2375,1982,2,12,10,30,7,5.97388,6215,"['Abstract Strategy', 'Card Game']","['Hand Management', 'Pattern Building', 'Team-Based Game']"

Lancaster,96913,2011,2,5,60,60,10,7.44105,6211,['Medieval'],"['Area Majority \\/ Influence', 'Auction\\/Bidding', 'Voting', 'Worker Placement', 'Worker Placement, Different Worker Types']"

Not Alone,194879,2016,2,7,30,45,10,7.06606,6201,"['Bluffing', 'Card Game', 'Deduction', 'Science Fiction']","['Action Queue', 'Deck, Bag, and Pool Building', 'Hand Management', 'Simultaneous Action Selection', 'Team-Based Game']"

Attika,8051,2003,2,4,45,60,10,7.00709,6197,"['Ancient', 'City Building', 'Territory Building']","['Modular Board', 'Network and Route Building', 'Tile Placement']"

Dixit: Quest,55660,2010,3,6,30,30,8,7.71663,6185,"['Bluffing', 'Card Game', 'Deduction', 'Expansion for Base-game', 'Humor', 'Party Game']","['Simultaneous Action Selection', 'Storytelling', 'Voting']"

ICECOOL,177524,2016,2,4,30,30,6,6.86039,6180,"['Action \\/ Dexterity', 'Animals', ""Children's Game""]","['Area Movement', 'Flicking', 'Take That']"

Schotten Totten,372,1999,2,2,20,20,8,7.31028,6157,"['Card Game', 'Deduction']","['Hand Management', 'Set Collection']"

Rajas of the Ganges,220877,2017,2,4,45,75,12,7.6923,6150,"['Dice', 'Economic', 'Territory Building']","['Dice Rolling', 'Tile Placement', 'Worker Placement', 'Worker Placement with Dice Workers']"

Kill Doctor Lucky,257,1996,3,8,45,45,12,6.1562,6146,"['Humor', 'Murder\\/Mystery']","['Card Drafting', 'Hand Management', 'Point to Point Movement']"

Citadels:  The Dark City,13291,2004,2,8,60,60,10,7.02785,6145,"['Bluffing', 'Card Game', 'City Building', 'Expansion for Base-game', 'Fantasy', 'Medieval']","['Card Drafting', 'Set Collection', 'Variable Player Powers']"

Smash Up: Awesome Level 9000,134726,2013,2,2,45,45,12,7.28868,6099,"['Card Game', 'Fantasy', 'Horror', 'Humor', 'Spies\\/Secret Agents']","['Area Majority \\/ Influence', 'Hand Management', 'Take That', 'Variable Player Powers']"

Cleopatra and the Society of Architects,22141,2006,3,5,60,60,10,6.8067,6069,['Ancient'],"['Auction\\/Bidding', 'Card Drafting', 'Dice Rolling', 'Enclosure', 'Hand Management', 'Set Collection']"

